id,chembl_id,smiles
0,CHEMBL540936,C[C@H]1C[C@@H]2[C@H]3CCC4=CC(=O)C=C[C@@]4(C)[C@]3(F)[C@H](O)C[C@@]2(C)[C@]1(O)C(=O)CSCCNC(=S)NCCNC(=O)c1cc(NC(=O)c2cc(NC(=O)c3nccn3C)cn2C)cn1C
1,CHEMBL1917244,C[C@]12C=CC(=O)C=C1CC[C@@H]1[C@@H]2[C@@H](O)C[C@@]2(C)[C@H]1CC[C@]2(O)C(=O)CSc1nc2ccccc2s1
2,CHEMBL1940689,C[C@@H]1C[C@H]2[C@@H]3CCC4=CC(=O)C=C[C@]4(C)[C@H]3[C@@H](O)C[C@]2(C)[C@@]1(O)C(=O)CSc1nc2ccccc2o1
3,CHEMBL1917243,C[C@]12CCC(=O)C=C1CC[C@H]1[C@@H]3CC[C@](O)(C(=O)CSc4nc5ccccc5s4)[C@@]3(C)C[C@H](O)[C@@]12F
4,CHEMBL1940687,C[C@@H]1C[C@H]2[C@@H]3CCC4=CC(=O)C=C[C@]4(C)[C@H]3[C@@H](O)C[C@]2(C)[C@@]1(O)C(=O)CSc1nc2ccccc2s1
5,CHEMBL1940697,C[C@@H]1C[C@H]2[C@@H]3CCC4=CC(=O)C=C[C@]4(C)[C@H]3[C@@H](O)C[C@]2(C)[C@@]1(O)C(=O)CSc1nc2ncccc2o1
6,CHEMBL1940695,C[C@@H]1C[C@H]2[C@@H]3CCC4=CC(=O)C=C[C@]4(C)[C@H]3[C@@H](O)C[C@]2(C)[C@@]1(O)C(=O)CSc1nc2cccnc2s1
7,CHEMBL1917246,C[C@@H]1C[C@H]2[C@@H]3C[C@H](F)C4=CC(=O)C=C[C@]4(C)[C@@]3(F)[C@@H](O)C[C@]2(C)[C@@]1(O)C(=O)CSc1nc2ccccc2s1
8,CHEMBL1940550,C[C@]12C=CC(=O)C=C1CC[C@@H]1[C@@H]2[C@@H](O)C[C@@]2(C)[C@H]1CC[C@]2(O)C(=O)CSc1nc2ccccc2o1
9,CHEMBL1917247,C[C@@H]1C[C@H]2[C@@H]3CCC4=CC(=O)C=C[C@]4(C)[C@@]3(Cl)[C@@H](O)C[C@]2(C)[C@@]1(O)C(=O)CSc1nc2ccccc2s1
10,CHEMBL1940551,C[C@]12C=CC(=O)C=C1CC[C@@H]1[C@@H]2[C@@H](O)C[C@@]2(C)[C@H]1CC[C@]2(O)C(=O)CSc1nc2ncccc2o1
11,CHEMBL1917245,C[C@@H]1C[C@H]2[C@@H]3CCC4=CC(=O)C=C[C@]4(C)[C@@]3(F)[C@@H](O)C[C@]2(C)[C@@]1(O)C(=O)CSc1nc2ccccc2s1
12,CHEMBL1917248,C[C@H]1C[C@@H]2[C@H]([C@@H](O)C[C@@]3(C)[C@H]2CC[C@]3(O)C(=O)CSc2nc3ccccc3s2)[C@@]2(C)C=CC(=O)C=C12
13,CHEMBL2024021,C[C@]12CCC(=O)C=C1CC[C@@H]1[C@@H]2[C@@H](O)C[C@@]2(C)[C@H]1CC[C@]2(O)C(=O)CSc1nc2ccccc2o1
14,CHEMBL1917242,C[C@]12CCC(=O)C=C1CC[C@@H]1[C@@H]2[C@@H](O)C[C@@]2(C)[C@H]1CC[C@]2(O)C(=O)CSc1nc2ccccc2s1
15,CHEMBL1940696,C[C@@H]1C[C@H]2[C@@H]3CCC4=CC(=O)C=C[C@]4(C)[C@H]3[C@@H](O)C[C@]2(C)[C@@]1(O)C(=O)CSc1nc2ccccc2[nH]1
16,CHEMBL1940555,CCn1c(SCC(=O)[C@@]2(O)CC[C@H]3[C@@H]4CCC5=CC(=O)C=C[C@]5(C)[C@H]4[C@@H](O)C[C@@]32C)nc2ccccc21
17,CHEMBL1940546,Cn1c(SCC(=O)[C@@]2(O)CC[C@H]3[C@@H]4CCC5=CC(=O)C=C[C@]5(C)[C@H]4[C@@H](O)C[C@@]32C)nc2ccccc21
18,CHEMBL2024020,Cn1c(SCC(=O)[C@@]2(O)CC[C@@]3(C)[C@@H]4CCC5=CC(=O)CC[C@]5(C)[C@H]4[C@@H](O)C[C@@]32C)nc2ccccc21
19,CHEMBL1940554,C[C@]12C=CC(=O)C=C1CC[C@@H]1[C@@H]2[C@@H](O)C[C@@]2(C)[C@H]1CC[C@]2(O)C(=O)CSc1nc2ncccc2[nH]1
20,CHEMBL2024026,C[C@]12CCC(=O)C=C1CC[C@@H]1[C@@H]2[C@@H](O)C[C@@]2(C)[C@H]1CC[C@]2(O)C(=O)CSc1nc2ncccc2s1
21,CHEMBL2024025,C[C@]12CCC(=O)C=C1CC[C@@H]1[C@@H]2[C@@H](O)C[C@@]2(C)[C@H]1CC[C@]2(O)C(=O)CSc1nc2ncccc2o1
22,CHEMBL1940688,C[C@@H]1C[C@H]2[C@@H]3CCC4=CC(=O)C=C[C@]4(C)[C@H]3[C@@H](O)C[C@]2(C)[C@@]1(O)C(=O)CSc1nc2ccccc2n1C
23,CHEMBL1473,CCC(=O)O[C@]1(C(=O)SCF)[C@H](C)C[C@H]2[C@@H]3C[C@H](F)C4=CC(=O)C=C[C@]4(C)[C@@]3(F)[C@@H](O)C[C@@]21C
24,CHEMBL526106,CCC(C)NC(=O)O[C@]1(C(=O)CO)[C@@H](C)C[C@H]2[C@@H]3CCC4=CC(=O)C=C[C@]4(C)[C@@]3(F)[C@@H](O)C[C@@]21C
25,CHEMBL1159650,CCC(=O)O[C@]1(C(=O)CCl)[C@@H](C)C[C@H]2[C@@H]3CCC4=CC(=O)C=C[C@]4(C)[C@@]3(F)[C@@H](O)C[C@@]21C
26,CHEMBL1940557,C[C@@H]1C[C@H]2[C@@H]3CCC4=CC(=O)C=C[C@]4(C)[C@H]3[C@@H](O)C[C@]2(C)[C@@]1(O)C(=O)CO
27,CHEMBL499630,CCCCCNC(=O)O[C@]1(C(=O)CO)[C@@H](C)C[C@H]2[C@@H]3CCC4=CC(=O)C=C[C@]4(C)[C@@]3(F)[C@@H](O)C[C@@]21C
28,CHEMBL131,C[C@]12C=CC(=O)C=C1CC[C@@H]1[C@@H]2[C@@H](O)C[C@@]2(C)[C@H]1CC[C@]2(O)C(=O)CO
29,CHEMBL497472,C[C@H]1C[C@H]2[C@@H]3CCC4=CC(=O)C=C[C@]4(C)[C@@]3(F)[C@@H](O)C[C@]2(C)[C@@]1(OC(=O)NC(C)(C)C)C(=O)CO
30,CHEMBL1766,C[C@@H]1C[C@H]2[C@@H]3CCC4=CC(=O)C=C[C@]4(C)[C@@]3(F)[C@@H](O)C[C@]2(C)[C@H]1C(=O)CO
31,CHEMBL499629,CCCCNC(=O)O[C@]1(C(=O)CO)[C@@H](C)C[C@H]2[C@@H]3CCC4=CC(=O)C=C[C@]4(C)[C@@]3(F)[C@@H](O)C[C@@]21C
32,CHEMBL1200600,CC(=O)[C@@]1(O)CC[C@H]2[C@@H]3C[C@H](C)C4=CC(=O)C=C[C@]4(C)[C@@]3(F)[C@@H](O)C[C@@]21C
33,CHEMBL500938,CCCNC(=O)O[C@]1(C(=O)CO)[C@@H](C)C[C@H]2[C@@H]3CCC4=CC(=O)C=C[C@]4(C)[C@@]3(F)[C@@H](O)C[C@@]21C
34,CHEMBL433586,C[C@@H]1C[C@H]2C3CCC4=CC(=O)C=C[C@]4(C)[C@@]3(F)[C@@H](O)C[C@]2(C)[C@@]1(O)C(=O)O
35,CHEMBL500678,CCNC(=O)O[C@]1(C(=O)CO)[C@@H](C)C[C@H]2[C@@H]3CCC4=CC(=O)C=C[C@]4(C)[C@@]3(F)[C@@H](O)C[C@@]21C
36,CHEMBL501745,C[C@H]1C[C@H]2[C@@H]3CCC4=CC(=O)C=C[C@]4(C)[C@@]3(F)[C@@H](O)C[C@]2(C)[C@@]1(OC(=O)NC(C)(C)CC(C)(C)C)C(=O)CO
37,CHEMBL1200545,CC(=O)OCC(=O)[C@@]1(OC(C)=O)[C@@H](C)C[C@H]2[C@@H]3C[C@H](F)C4=CC(=O)C=C[C@]4(C)[C@@]3(F)[C@@H](O)C[C@@]21C
38,CHEMBL384467,C[C@@H]1C[C@H]2[C@@H]3CCC4=CC(=O)C=C[C@]4(C)[C@@]3(F)[C@@H](O)C[C@]2(C)[C@@]1(O)C(=O)CO
39,CHEMBL632,C[C@H]1C[C@H]2[C@@H]3CCC4=CC(=O)C=C[C@]4(C)[C@@]3(F)[C@@H](O)C[C@]2(C)[C@@]1(O)C(=O)CO
40,CHEMBL1201207,C[C@H]1C[C@H]2[C@@H]3CCC4=CC(=O)C=C[C@]4(C)[C@@]3(F)[C@@H](O)C[C@]2(C)[C@@]1(O)C(=O)COP(=O)(O)O
41,CHEMBL1586,C[C@H]1C[C@H]2[C@@H]3CCC4=CC(=O)C=C[C@]4(C)[C@@]3(Cl)[C@@H](O)C[C@]2(C)[C@@]1(O)C(=O)CO
42,CHEMBL552770,CC(=O)NCCCN(C)CCCNC(=S)NCCSCC(=O)[C@@]1(O)[C@H](C)C[C@H]2[C@@H]3CCC4=CC(=O)C=C[C@]4(C)[C@@]3(F)[C@@H](O)C[C@@]21C
43,CHEMBL563916,CC(=O)NCCC(=O)NCCCN(C)CCCNC(=S)NCCSCC(=O)[C@@]1(O)[C@H](C)C[C@H]2[C@@H]3CCC4=CC(=O)C=C[C@]4(C)[C@@]3(F)[C@@H](O)C[C@@]21C
44,CHEMBL553019,CC(=O)NCCNC(=S)NCCSCC(=O)[C@@]1(O)[C@H](C)C[C@H]2[C@@H]3CCC4=CC(=O)C=C[C@]4(C)[C@@]3(F)[C@@H](O)C[C@@]21C
45,CHEMBL292284,CC(=O)C[C@]1(C(C)=O)CC[C@H]2C3C[C@H](C)C4=CC(=O)CC[C@]4(C)[C@H]3CC[C@@]21C
46,CHEMBL717,CC(=O)O[C@]1(C(C)=O)CC[C@H]2[C@@H]3C[C@H](C)C4=CC(=O)CC[C@]4(C)[C@H]3CC[C@@]21C
47,CHEMBL650,C[C@H]1C[C@@H]2[C@H]([C@@H](O)C[C@@]3(C)[C@H]2CC[C@]3(O)C(=O)CO)[C@@]2(C)C=CC(=O)C=C12
48,CHEMBL501474,C[C@H]1C[C@H]2[C@@H]3CCC4=CC(=O)C=C[C@]4(C)[C@@]3(F)[C@@H](O)C[C@]2(C)[C@@]1(OC(=O)NCCC(C)(C)C)C(=O)CO
49,CHEMBL550082,CC(C)CNC(=S)NCCSCC(=O)[C@@]1(O)[C@H](C)C[C@H]2[C@@H]3CCC4=CC(=O)C=C[C@]4(C)[C@@]3(F)[C@@H](O)C[C@@]21C
50,CHEMBL498651,C=CCNC(=O)O[C@]1(C(=O)CO)[C@@H](C)C[C@H]2[C@@H]3CCC4=CC(=O)C=C[C@]4(C)[C@@]3(F)[C@@H](O)C[C@@]21C
51,CHEMBL1201139,CC(=O)O[C@]1(C(C)=O)CC[C@H]2[C@@H]3C=C(C)C4=CC(=O)CC[C@]4(C)[C@H]3CC[C@@]21C
52,CHEMBL1390,CC(=O)[C@@]1(O)CC[C@H]2[C@@H]3C[C@H](C)C4=CC(=O)CC[C@]4(C)[C@H]3CC[C@@]21C
53,CHEMBL1201010,CC(=O)OCC(=O)[C@@]1(O)CC[C@H]2[C@@H]3CCC4=CC(=O)CC[C@]4(C)[C@@]3(F)[C@@H](O)C[C@@]21C
54,CHEMBL525923,CC(C)NC(=O)O[C@]1(C(=O)CO)[C@@H](C)C[C@H]2[C@@H]3CCC4=CC(=O)C=C[C@]4(C)[C@@]3(F)[C@@H](O)C[C@@]21C
55,CHEMBL389621,C[C@]12CCC(=O)C=C1CC[C@@H]1[C@@H]2[C@@H](O)C[C@@]2(C)[C@H]1CC[C@]2(O)C(=O)CO
56,CHEMBL525273,COC(=O)[C@H](C)NC(=O)O[C@]1(C(=O)CO)[C@@H](C)C[C@H]2[C@@H]3CCC4=CC(=O)C=C[C@]4(C)[C@@]3(F)[C@@H](O)C[C@@]21C
57,CHEMBL483095,C[C@@H]1C[C@H]2[C@@H]3CCC4=CC(=O)C=C[C@]4(C)[C@@]3(F)[C@@H](O)C[C@]2(C)[C@@]1(O)C(=O)CSCCC(N)=O
58,CHEMBL110691,CC(=O)O[C@]1(C(C)=O)CC[C@H]2[C@@H]3C=C(Cl)C4=CC(=O)CC[C@]4(C)[C@H]3CC[C@@]21C
59,CHEMBL1062,CC(=O)[C@@]1(O)CC[C@H]2[C@@H]3CCC4=CC(=O)CC[C@]4(C)[C@H]3CC[C@@]21C
60,CHEMBL506241,CCC(C)(C)NC(=O)O[C@]1(C(=O)CO)[C@@H](C)C[C@H]2[C@@H]3CCC4=CC(=O)C=C[C@]4(C)[C@@]3(F)[C@@H](O)C[C@@]21C
61,CHEMBL1451,C[C@]12C=CC(=O)C=C1CC[C@H]1[C@@H]3C[C@@H](O)[C@](O)(C(=O)CO)[C@@]3(C)C[C@H](O)[C@@]12F
62,CHEMBL1917414,C[C@]12C=CC(=O)C=C1CC[C@@H]1[C@@H]2[C@@H](O)C[C@@]2(C)[C@H]1CC[C@]2(OC(=O)c1ccco1)C(=O)CSc1nc2ccccc2s1
63,CHEMBL1917254,C[C@]12CCC(=O)C=C1CC[C@@H]1[C@@H]2[C@@H](O)C[C@@]2(C)[C@H]1CC[C@]2(OC(=O)c1ccco1)C(=O)CSc1nc2ccccc2s1
64,CHEMBL1917253,C[C@]12CCC(=O)C=C1CC[C@@H]1[C@@H]2[C@@H](O)C[C@@]2(C)[C@H]1CC[C@]2(OC(=O)c1ccco1)C(=O)CSc1nc2ccccc2o1
65,CHEMBL1917252,Cn1c(SCC(=O)[C@@]2(OC(=O)c3ccco3)CC[C@H]3[C@@H]4CCC5=CC(=O)CC[C@]5(C)[C@H]4[C@@H](O)C[C@@]32C)nc2ccccc21
66,CHEMBL1917255,C[C@]12CCC(=O)C=C1CC[C@@H]1[C@@H]2[C@@H](O)C[C@@]2(C)[C@H]1CC[C@]2(OC(=O)c1ccco1)C(=O)CSc1nc2ncccc2s1
67,CHEMBL3605919,COc1cc(F)ccc1-c1c(CN(C)Cc2ccccc2)[nH]c2c(NS(C)(=O)=O)cc(C(C)C)cc12
68,CHEMBL3605926,COc1cc(F)ccc1-c1c(CN(C)Cc2ccccc2)[nH]c2c(NS(C)(=O)=O)cc(C(C)(C)C)cc12
69,CHEMBL2023619,C[C@]12Cc3cnn(-c4ccc(F)cc4)c3C=C1CC[C@@H]1[C@@H]2[C@@H](O)C[C@@]2(C)[C@H]1CC[C@]2(O)C(=O)CSc1nc2ncccc2o1
70,CHEMBL2022656,C[C@]12Cc3cnn(-c4ccccc4)c3C=C1CC[C@@H]1[C@@H]2[C@@H](O)C[C@@]2(C)[C@H]1CC[C@]2(O)C(=O)CSc1nc2ncccc2o1
71,CHEMBL2023241,Cn1c(SCC(=O)[C@@]2(O)CC[C@H]3[C@@H]4CCC5=Cc6c(cnn6-c6ccc(F)cc6)C[C@]5(C)[C@H]4[C@@H](O)C[C@@]32C)nc2ccccc21
72,CHEMBL2023239,C[C@]12Cc3cnn(-c4ccc(F)cc4)c3C=C1CC[C@@H]1[C@@H]2[C@@H](O)C[C@@]2(C)[C@H]1CC[C@]2(O)C(=O)CSc1nc2ccccc2s1
73,CHEMBL2023240,C[C@]12Cc3cnn(-c4ccc(F)cc4)c3C=C1CC[C@@H]1[C@@H]2[C@@H](O)C[C@@]2(C)[C@H]1CC[C@]2(O)C(=O)COc1nc2ccccc2s1
74,CHEMBL2023242,Cn1c(OCC(=O)[C@@]2(O)CC[C@H]3[C@@H]4CCC5=Cc6c(cnn6-c6ccc(F)cc6)C[C@]5(C)[C@H]4[C@@H](O)C[C@@]32C)nc2ccccc21
75,CHEMBL2022655,C[C@]12Cc3cnn(C4CCCCC4)c3C=C1CC[C@@H]1[C@@H]2[C@@H](O)C[C@@]2(C)[C@H]1CC[C@]2(O)C(=O)CSc1nc2ccccc2o1
76,CHEMBL2022866,C=CCn1c(SCC(=O)[C@@]2(O)CC[C@H]3[C@@H]4CCC5=Cc6c(cnn6-c6ccccc6)C[C@]5(C)[C@H]4[C@@H](O)C[C@@]32C)nc2ccccc21
77,CHEMBL2022653,Cn1c(SCC(=O)[C@@]2(O)CC[C@H]3[C@@H]4CCC5=Cc6c(cnn6-c6ccccc6)C[C@]5(C)[C@H]4[C@@H](O)C[C@@]32C)nc2ccccc21
78,CHEMBL2022654,Cn1c(SCC(=O)[C@@]2(O)CC[C@H]3[C@@H]4CCC5=Cc6c(cnn6C6CCCCC6)C[C@]5(C)[C@H]4[C@@H](O)C[C@@]32C)nc2ccccc21
79,CHEMBL2023236,C[C@]12Cc3cnn(C4CCCCC4)c3C=C1CC[C@@H]1[C@@H]2[C@@H](O)C[C@@]2(C)[C@H]1CC[C@]2(O)C(=O)CSc1nc2ccccc2s1
80,CHEMBL2022859,C[C@]12Cc3cnn(-c4ccccc4)c3C=C1CC[C@@H]1[C@@H]2[C@@H](O)C[C@@]2(C)[C@H]1CC[C@]2(O)C(=O)CSc1nc2ccccc2s1
81,CHEMBL2023235,C[C@]12Cc3cnn(C4CCOCC4)c3C=C1CC[C@@H]1[C@@H]2[C@@H](O)C[C@@]2(C)[C@H]1CC[C@]2(O)C(=O)CSc1nc2ccccc2s1
82,CHEMBL3421886,CC#C[C@]1(O)C[C@H]2CCc3cc(O)ccc3[C@]2(CC)C[C@@]1(C)O
83,CHEMBL510216,CC#C[C@@]1(O)CC[C@@]2(CCC)c3ccc(O)cc3CC[C@@H]2C1
84,CHEMBL3421885,C/C=C/[C@]1(O)C[C@H]2CCc3cc(O)ccc3[C@]2(CC)C[C@@]1(C)O
85,CHEMBL470152,CC#C[C@@]1(O)CC[C@@]2(/C=C/C)c3ccc(O)cc3CC[C@@H]2C1
86,CHEMBL10560,CC#C[C@@]1(O)CC[C@@]2(CC)c3ccc(O)cc3CC[C@@H]2C1
87,CHEMBL470785,C=CC[C@@]12CC[C@](O)(C#CC)C[C@H]1CCc1cc(O)ccc12
88,CHEMBL3421884,C=C[C@]1(O)C[C@H]2CCc3cc(O)ccc3[C@]2(CC)C[C@@]1(C)O
89,CHEMBL511982,CC#C[C@@]1(O)CC[C@@]2(C)c3ccc(O)cc3CC[C@@H]2C1
90,CHEMBL3421882,CCC[C@]1(O)C[C@H]2CCc3cc(O)ccc3[C@]2(CC)C[C@@]1(C)O
91,CHEMBL442744,CCCCCC1Oc2cccc(OC)c2-c2ccc(NS(C)(=O)=O)cc21
92,CHEMBL457241,CC#C[C@]1(O)C[C@H]2CCc3cc(O)ccc3[C@]2(CC)C[C@@H]1O
93,CHEMBL3421883,C=CC[C@]1(O)C[C@H]2CCc3cc(O)ccc3[C@]2(CC)C[C@@]1(C)O
94,CHEMBL3421881,CC[C@@]12C[C@@](C)(O)[C@](O)(CC)C[C@H]1CCc1cc(O)ccc12
95,CHEMBL1684353,C[C@H]1c2c(cc(F)c(-c3cccc4c(Cl)c[nH]c34)c2F)NC(C)(C)[C@@H]1OC(=O)Nc1ccc(C#N)cc1
96,CHEMBL1684350,COc1ccc(NC(=O)O[C@@H]2[C@@H](C)c3c(cc(F)c(-c4cccc5c(Cl)c[nH]c45)c3F)NC2(C)C)cc1Cl
97,CHEMBL1684352,C[C@H]1c2c(cc(F)c(-c3cccc4cc[nH]c34)c2F)NC(C)(C)[C@@H]1OC(=O)Nc1ccc(C#N)cc1
98,CHEMBL1684355,COC(=O)c1ccc(NC(=O)O[C@@H]2[C@@H](C)c3c(cc(F)c(-c4cccc5cc[nH]c45)c3F)NC2(C)C)cc1
99,CHEMBL1684359,CC(=O)c1cccc(NC(=O)O[C@@H]2[C@@H](C)c3c(cc(F)c(-c4cccc5cc[nH]c45)c3F)NC2(C)C)c1
100,CHEMBL1684344,C[C@H]1c2c(cc(F)c(-c3cccc4c(Cl)c[nH]c34)c2F)NC(C)(C)[C@@H]1OC(=O)NC1CCCCC1
101,CHEMBL1684354,C[C@H]1c2c(cc(F)c(-c3cccc4cc[nH]c34)c2F)NC(C)(C)[C@@H]1OC(=O)Nc1ccc(Cl)cc1
102,CHEMBL1684357,CC(=O)c1ccc(NC(=O)O[C@@H]2[C@@H](C)c3c(cc(F)c(-c4cccc5cc[nH]c45)c3F)NC2(C)C)cc1
103,CHEMBL1684349,COc1ccc(NC(=O)O[C@@H]2[C@@H](C)c3c(cc(F)c(-c4cccc5cc[nH]c45)c3F)NC2(C)C)cc1Cl
104,CHEMBL1684347,C[C@H]1c2c(cc(F)c(-c3cccc4c(Cl)c[nH]c34)c2F)NC(C)(C)[C@@H]1OC(=O)Nc1ccccc1
105,CHEMBL1684358,C[C@H]1c2c(cc(F)c(-c3cccc4cc[nH]c34)c2F)NC(C)(C)[C@@H]1OC(=O)Nc1cccc(C#N)c1
106,CHEMBL1684356,C[C@H]1c2c(cc(F)c(-c3cccc4cc[nH]c34)c2F)NC(C)(C)[C@@H]1OC(=O)Nc1ccc(N(C)C)cc1
107,CHEMBL1684346,C[C@H]1c2c(cc(F)c(-c3cccc4cc[nH]c34)c2F)NC(C)(C)[C@@H]1OC(=O)Nc1ccccc1
108,CHEMBL72182,CS(=O)(=O)Nc1ccc2c(c1)N(Cc1ccccc1)Cc1ccccc1-2
109,CHEMBL539699,C[C@@H]1C[C@H]2[C@@H]3CCC4=CC(=O)C=C[C@]4(C)[C@@]3(F)[C@@H](O)C[C@]2(C)[C@@]1(O)C(=O)CSCCNC(=S)NCCCN(C)CCCNC(=O)CCNC(=O)c1cc(NC(=O)c2nccn2C)cn1C
110,CHEMBL3647440,Cc1cnc(NC(=O)c2ccc3c(c2)CC[C@@H]2C[C@@](O)(C(F)(F)F)CC[C@@]32Cc2ccccc2)c(C)n1
111,CHEMBL3647443,Cc1ncccc1NC(=O)c1ccc2c(c1)C(=O)C[C@@H]1C[C@@](O)(C(F)(F)F)CC[C@@]21Cc1ccccc1
112,CHEMBL3647441,Cc1ncccc1NC(=O)c1ccc2c(c1)CC[C@@H]1C[C@@](O)(CCC(F)(F)F)CC[C@@]21Cc1ccccc1
113,CHEMBL3137304,Cc1ncccc1NC(=O)c1ccc2c(c1)CC[C@@H]1C[C@@](O)(C(F)(F)F)CC[C@@]21Cc1ccccc1
114,CHEMBL3647444,Cc1ncccc1NC(=O)c1ccc2c(c1)[C@H](O)C[C@@H]1C[C@@](O)(C(F)(F)F)CC[C@@]21Cc1ccccc1
115,CHEMBL3647442,Cc1ccncc1NC(=O)c1ccc2c(c1)CC[C@@H]1C[C@@](O)(C(F)(F)F)CC[C@@]21Cc1ccccc1
116,CHEMBL3647445,Cc1c(NC(=O)c2ccc3c(c2)CC[C@@H]2C[C@@](O)(C(F)(F)F)CC[C@@]32Cc2ccccc2)ccc[n+]1[O-]
117,CHEMBL3647448,Cc1ncc(NC(=O)c2ccc3c(c2)CC[C@@H]2C[C@@](O)(CCC(F)(F)F)CC[C@@]32Cc2ccccc2)c(C)n1
118,CHEMBL3647446,Cc1ncccc1NC(=O)c1ccc2c(c1)CC[C@@H]1C[C@@](O)(C(F)F)CC[C@@]21Cc1ccccc1
119,CHEMBL3647447,Cc1ncccc1NC(=O)c1ccc2c(c1)C=C[C@@H]1C[C@@](O)(C(F)(F)F)CC[C@@]21Cc1ccccc1
120,CHEMBL3137316,Cc1ncccc1NC(=O)c1ccc2c(c1)CC[C@@H]1C[C@@](OP(=O)(O)O)(C(F)(F)F)CC[C@@]21Cc1ccccc1
121,CHEMBL503041,C[C@H]1C[C@H]2[C@@H]3CCC4=CC(=O)C=C[C@]4(C)[C@@]3(F)[C@@H](O)C[C@]2(C)[C@@]1(OC(=O)NC12CC3CC(CC(C3)C1)C2)C(=O)CO
122,CHEMBL1940694,Cc1cccc(SCC(=O)[C@@]2(O)[C@H](C)C[C@H]3[C@@H]4CCC5=CC(=O)C=C[C@]5(C)[C@H]4[C@@H](O)C[C@@]32C)n1
123,CHEMBL503848,C[C@H]1C[C@H]2[C@@H]3CCC4=CC(=O)C=C[C@]4(C)[C@@]3(F)[C@@H](O)C[C@]2(C)[C@@]1(OC(=O)NC1CCCCC1)C(=O)CO
124,CHEMBL1940548,Cc1ccnc(SCC(=O)[C@@]2(O)CC[C@H]3[C@@H]4CCC5=CC(=O)C=C[C@]5(C)[C@H]4[C@@H](O)C[C@@]32C)n1
125,CHEMBL2024028,C[C@]12CCC(=O)C=C1CC[C@@H]1[C@@H]2[C@@H](O)C[C@@]2(C)[C@H]1CC[C@]2(O)C(=O)CSc1ccccn1
126,CHEMBL2024030,C[C@]12CCC(=O)C=C1CC[C@@H]1[C@@H]2[C@@H](O)C[C@@]2(C)[C@H]1CC[C@]2(O)C(=O)CSc1ccc(Cl)c(Cl)c1
127,CHEMBL1940552,C[C@]12C=CC(=O)C=C1CC[C@@H]1[C@@H]2[C@@H](O)C[C@@]2(C)[C@H]1CC[C@]2(O)C(=O)CSc1ccccn1
128,CHEMBL158091,CC1(C)O[C@@H]2CC3C4C[C@H](F)C5=CC(=O)C=C[C@]5(C)[C@@]4(F)[C@@H](O)C[C@]3(C)[C@]2(S[C@@H]2CCOC2=O)O1
129,CHEMBL414449,CCC[C@@H]1O[C@@H]2CC3C4C[C@H](F)C5=CC(=O)CC[C@]5(C)[C@@]4(F)[C@@H](O)C[C@]3(C)[C@]2(S[C@@H]2CCOC2=O)O1
130,CHEMBL3647439,Cc1ncccc1CNC(=O)c1ccc2c(c1)CC[C@@H]1C[C@@](O)(CCC(F)(F)F)CC[C@@]21Cc1ccccc1
131,CHEMBL524378,C[C@H]1C[C@@H]2[C@H]3CCC4=CC(=O)C=C[C@@]4(C)[C@]3(F)[C@H](O)C[C@@]2(C)[C@]1(O)C(=O)CSCCNC(=S)NCCNC(=O)c1cc(NC(=O)c2cncn2C)cn1C
132,CHEMBL525442,C[C@H]1C[C@H]2[C@@H]3CCC4=CC(=O)C=C[C@]4(C)[C@@]3(F)[C@@H](O)C[C@]2(C)[C@@]1(OC(=O)NC1CCCC1)C(=O)CO
133,CHEMBL2024022,Cc1nc(SCC(=O)[C@@]2(O)CC[C@H]3[C@@H]4CCC5=CC(=O)CC[C@]5(C)[C@H]4[C@@H](O)C[C@@]32C)sc1C
134,CHEMBL2023243,C[C@]12Cc3cnn(-c4ccc(F)cc4)c3C=C1CC[C@@H]1[C@@H]2[C@@H](O)C[C@@]2(C)[C@H]1CC[C@]2(O)C(=O)CSc1ccc2ccccc2c1
135,CHEMBL2023244,C[C@]12Cc3cnn(-c4ccc(F)cc4)c3C=C1CC[C@@H]1[C@@H]2[C@@H](O)C[C@@]2(C)[C@H]1CC[C@]2(O)C(=O)COc1ccc2ccccc2c1
136,CHEMBL2023615,C[C@]12Cc3cnn(-c4ccc(F)cc4)c3C=C1CC[C@@H]1[C@@H]2[C@@H](O)C[C@@]2(C)[C@H]1CC[C@]2(O)C(=O)COc1ccc2ccccc2n1
137,CHEMBL2023617,C[C@]12Cc3cnn(-c4ccc(F)cc4)c3C=C1CC[C@@H]1[C@@H]2[C@@H](O)C[C@@]2(C)[C@H]1CC[C@]2(O)C(=O)COc1cnc2ccccc2n1
138,CHEMBL2023616,C[C@]12Cc3cnn(-c4ccc(F)cc4)c3C=C1CC[C@@H]1[C@@H]2[C@@H](O)C[C@@]2(C)[C@H]1CC[C@]2(O)C(=O)CSc1cnc2ccccc2n1
139,CHEMBL2023621,C[C@]12Cc3cnn(-c4ccc(F)cc4)c3C=C1CC[C@@H]1[C@@H]2[C@@H](O)C[C@@]2(C)[C@H]1CC[C@]2(O)C(=O)CSc1nc2ccccc2c(=O)[nH]1
140,CHEMBL2022864,C[C@]12Cc3cnn(-c4ccccc4)c3C=C1CC[C@@H]1[C@@H]2[C@@H](O)C[C@@]2(C)[C@H]1CC[C@]2(O)C(=O)COc1cnc2ccccc2n1
141,CHEMBL2023614,C[C@]12Cc3cnn(-c4ccc(F)cc4)c3C=C1CC[C@@H]1[C@@H]2[C@@H](O)C[C@@]2(C)[C@H]1CC[C@]2(O)C(=O)CSc1ccc2ccccc2n1
142,CHEMBL2022862,C[C@]12Cc3cnn(-c4ccccc4)c3C=C1CC[C@@H]1[C@@H]2[C@@H](O)C[C@@]2(C)[C@H]1CC[C@]2(O)C(=O)CSc1cnc2ccccc2n1
143,CHEMBL2022863,C[C@]12Cc3cnn(C4CCCCC4)c3C=C1CC[C@@H]1[C@@H]2[C@@H](O)C[C@@]2(C)[C@H]1CC[C@]2(O)C(=O)CSc1cnc2ccccc2n1
144,CHEMBL2022660,C[C@]12Cc3cnn(-c4ccccc4)c3C=C1CC[C@@H]1[C@@H]2[C@@H](O)C[C@@]2(C)[C@H]1CC[C@]2(O)C(=O)CSc1ccc2ccccc2n1
145,CHEMBL2022861,C[C@]12Cc3cnn(C4CCCCC4)c3C=C1CC[C@@H]1[C@@H]2[C@@H](O)C[C@@]2(C)[C@H]1CC[C@]2(O)C(=O)CSc1ccc2ccccc2n1
146,CHEMBL549778,COc1ccc([C@H]2OC[C@@]3(C)[C@@H](CC[C@@]3(O)C#Cc3ccccc3)[C@@H]3CCC4=CC(=O)CCC4=C32)cc1
147,CHEMBL541245,COc1ccc([C@H]2OC[C@@]3(C)[C@@H](CC[C@@]3(O)C#Cc3ccc(C(F)(F)F)cc3)[C@@H]3CCC4=CC(=O)CCC4=C32)cc1
148,CHEMBL2021945,C[C@]12Cc3cnn(-c4ccc(F)cc4)c3C=C1CC[C@@H]1[C@@H]2[C@@H](O)C[C@@]2(C)[C@H]1CC[C@]2(O)C(=O)CSc1ccccn1
149,CHEMBL2023620,C[C@]12Cc3cnn(-c4ccc(F)cc4)c3C=C1CC[C@@H]1[C@@H]2[C@@H](O)C[C@@]2(C)[C@H]1CC[C@]2(O)C(=O)CSc1ncccn1
150,CHEMBL2022657,C[C@]12Cc3cnn(-c4ccccc4)c3C=C1CC[C@@H]1[C@@H]2[C@@H](O)C[C@@]2(C)[C@H]1CC[C@]2(O)C(=O)CSc1ccccn1
151,CHEMBL2022658,C[C@]12Cc3cnn(C4CCCCC4)c3C=C1CC[C@@H]1[C@@H]2[C@@H](O)C[C@@]2(C)[C@H]1CC[C@]2(O)C(=O)CSc1ccccn1
152,CHEMBL2022659,C[C@]12Cc3cnn(C4CCCCC4)c3C=C1CC[C@@H]1[C@@H]2[C@@H](O)C[C@@]2(C)[C@H]1CC[C@]2(O)C(=O)CSc1ncccn1
153,CHEMBL4204466,C[C@H](NC(=O)C(F)(F)F)[C@H](Oc1ccc(C#N)cc1Br)c1cnc(C2CC2)nc1
154,CHEMBL4213734,C[C@H](NC(=O)C(C)(F)F)[C@H](Oc1ccc(C#N)cc1Br)c1cnc(C2CC2)nc1
155,CHEMBL4208799,C[C@H](NC(=O)C(C)(F)F)[C@H](Oc1ccc(C#N)cc1Cl)c1cnc(C2CC2)nc1
156,CHEMBL4209337,CC[C@H](NC(=O)C(F)(F)F)[C@H](Oc1ccc(C#N)cc1Br)c1cnc(C2CC2)nc1
157,CHEMBL4217184,N#Cc1ccc(O[C@H](c2cnc(C3CC3)nc2)[C@H](CO)NC(=O)C(F)(F)F)c(Br)c1
158,CHEMBL2023618,C[C@]12Cc3cnn(-c4ccc(F)cc4)c3C=C1CC[C@@H]1[C@@H]2[C@@H](O)C[C@@]2(C)[C@H]1CC[C@]2(O)C(=O)CSc1nccc2ccccc12
159,CHEMBL1093772,CCn1ncc2c(Cl)c(C(=O)NCc3ccc(Cl)c(C(F)(F)F)c3)cnc21
160,CHEMBL1093773,Cc1nn(C)c2ncc(C(=O)NCc3ccc(Cl)c(C(F)(F)F)c3)c(Cl)c12
161,CHEMBL3666814,C[C@H](NC(=O)C(C)(F)F)[C@H](Oc1ccc2c(cnn2-c2cccc(C(=O)NCc3cccnc3)c2)c1)c1ccc2c(c1)OCOC2
162,CHEMBL3666813,C[C@H](NC(=O)C(C)(F)F)[C@H](Oc1ccc2c(cnn2-c2cccc(C(=O)NCc3cccnc3)c2)c1)c1ccc2c(c1)OCCO2
163,CHEMBL3666817,C[C@H](NC(=O)C(C)(F)F)[C@H](Oc1ccc2c(cnn2-c2cccc(C(=O)NCc3ccccc3)c2)c1)c1ccc2c(c1)OCOC2
164,CHEMBL302366,CC1(C)O[C@@H]2CC3C4C[C@H](F)C5=CC(=O)C=C[C@]5(C)[C@@]4(F)[C@@H](O)C[C@]3(C)[C@]2(C(=O)CSC2CCOC2=O)O1
165,CHEMBL2024024,C[C@]12CCC(=O)C=C1CC[C@@H]1[C@@H]2[C@@H](O)C[C@@]2(C)[C@H]1CC[C@]2(O)C(=O)CSc1cnc2ccccc2n1
166,CHEMBL1940692,C[C@@H]1C[C@H]2[C@@H]3CCC4=CC(=O)C=C[C@]4(C)[C@H]3[C@@H](O)C[C@]2(C)[C@@]1(O)C(=O)CSc1cnc2ccccc2n1
167,CHEMBL1940691,C[C@@H]1C[C@H]2[C@@H]3CCC4=CC(=O)C=C[C@]4(C)[C@H]3[C@@H](O)C[C@]2(C)[C@@]1(O)C(=O)CSc1ccc2ccccc2n1
168,CHEMBL1940549,C[C@]12C=CC(=O)C=C1CC[C@@H]1[C@@H]2[C@@H](O)C[C@@]2(C)[C@H]1CC[C@]2(O)C(=O)CSc1ncc2ccccc2n1
169,CHEMBL1940547,C[C@]12C=CC(=O)C=C1CC[C@@H]1[C@@H]2[C@@H](O)C[C@@]2(C)[C@H]1CC[C@]2(O)C(=O)CSc1ccc2ccccc2n1
170,CHEMBL2024023,C[C@]12CCC(=O)C=C1CC[C@@H]1[C@@H]2[C@@H](O)C[C@@]2(C)[C@H]1CC[C@]2(O)C(=O)CSc1ccc2ccccc2n1
171,CHEMBL266282,C=CCC1Oc2cccc(OC)c2-c2ccc3c(c21)C(C)=CC(C)(C)N3
172,CHEMBL45720,COc1cccc2c1-c1ccc3c(c1C(CC=C(C)C)O2)C(C)=CC(C)(C)N3
173,CHEMBL47742,C/C=C/CC1Oc2cccc(OC)c2-c2ccc3c(c21)C(C)=CC(C)(C)N3
174,CHEMBL49386,C/C=C\CC1Oc2cccc(OC)c2-c2ccc3c(c21)C(C)=CC(C)(C)N3
175,CHEMBL46029,C=CC(C)C1Oc2cccc(OC)c2-c2ccc3c(c21)C(C)=CC(C)(C)N3
176,CHEMBL48283,C=C(C)CC1Oc2cccc(OC)c2-c2ccc3c(c21)C(C)=CC(C)(C)N3
177,CHEMBL50118,COc1cccc2c1-c1ccc3c(c1C(CC=C(F)F)O2)C(C)=CC(C)(C)N3
178,CHEMBL46329,COC(=O)/C=C/CC1Oc2cccc(OC)c2-c2ccc3c(c21)C(C)=CC(C)(C)N3
179,CHEMBL416278,CC/C=C\CC1Oc2cccc(OC)c2-c2ccc3c(c21)C(C)=CC(C)(C)N3
180,CHEMBL457036,CC#C[C@@]1(O)CC[C@@]2(CC)c3ccc(OCc4cccnc4C)cc3CC[C@@H]2C1
181,CHEMBL457035,CC#C[C@@]1(O)CC[C@@]2(CC)c3ccc(OCc4ccncc4)cc3CC[C@@H]2C1
182,CHEMBL515671,CC#C[C@]1(O)C[C@H]2CCc3cc(OCc4cccnc4C)ccc3[C@]2(CC)C[C@@H]1O
183,CHEMBL1940698,C[C@@H]1C[C@H]2[C@@H]3CCC4=CC(=O)C=C[C@]4(C)[C@H]3[C@@H](O)C[C@]2(C)[C@@]1(O)C(=O)CSc1nnc(-c2ccccc2)o1
184,CHEMBL2024027,C[C@]12CCC(=O)C=C1CC[C@@H]1[C@@H]2[C@@H](O)C[C@@]2(C)[C@H]1CC[C@]2(O)C(=O)CSc1nnc(-c2ccccc2)o1
185,CHEMBL1940690,C[C@@H]1C[C@H]2[C@@H]3CCC4=CC(=O)C=C[C@]4(C)[C@H]3[C@@H](O)C[C@]2(C)[C@@]1(O)C(=O)CSc1nccc2ccccc12
186,CHEMBL1940693,C[C@@H]1C[C@H]2[C@@H]3CCC4=CC(=O)C=C[C@]4(C)[C@H]3[C@@H](O)C[C@]2(C)[C@@]1(O)C(=O)CSc1ncnc2ccccc12
187,CHEMBL500897,C[C@H](NC(=O)O[C@]1(C(=O)CO)[C@@H](C)C[C@H]2[C@@H]3CCC4=CC(=O)C=C[C@]4(C)[C@@]3(F)[C@@H](O)C[C@@]21C)c1ccccc1
188,CHEMBL509182,C[C@@H](NC(=O)O[C@]1(C(=O)CO)[C@@H](C)C[C@H]2[C@@H]3CCC4=CC(=O)C=C[C@]4(C)[C@@]3(F)[C@@H](O)C[C@@]21C)c1ccccc1
189,CHEMBL65570,COc1cccc2c1-c1ccc(NS(=O)(=O)c3cccs3)cc1C(c1ccccc1)O2
190,CHEMBL64095,COc1cccc2c1-c1ccc(NS(C)(=O)=O)cc1C(c1ccc(Oc3ccccc3)cc1)O2
191,CHEMBL1917413,Cc1nc(SCC(=O)[C@@]2(OC(=O)c3ccco3)CC[C@H]3[C@@H]4CCC5=CC(=O)CC[C@]5(C)[C@H]4[C@@H](O)C[C@@]32C)sc1C
192,CHEMBL3963321,Cc1cc(C)c(S(=O)(=O)N[C@@H](C)COc2ccc3c(cnn3-c3ccc(F)cc3)c2)c(C)c1
193,CHEMBL185265,Cc1c(NS(C)(=O)=O)cccc1N(Cc1ccccc1)Cc1ccc(Oc2cccc(OCCCC(=O)NCCCC(=O)O)c2)cc1
194,CHEMBL360746,Cc1c(NS(C)(=O)=O)cccc1N(Cc1ccccc1)Cc1ccc(Oc2ccc(CCCC(=O)NCCCC(=O)O)cc2)cc1
195,CHEMBL183914,Cc1c(NS(C)(=O)=O)cccc1N(Cc1ccccc1)Cc1ccc(Oc2ccc(CCCC(=O)NCCC(=O)O)cc2)cc1
196,CHEMBL179791,Cc1c(NS(C)(=O)=O)cccc1N(Cc1ccccc1)Cc1ccc(Oc2ccc(CCCC(=O)NCC(=O)O)cc2)cc1
197,CHEMBL191042,Cc1c(NS(C)(=O)=O)cccc1N(Cc1ccc(Oc2ccc(Br)c(OCC(=O)O)c2)cc1)Cc1ccc(F)cc1F
198,CHEMBL181759,Cc1c(NS(C)(=O)=O)cccc1N(Cc1ccccc1)Cc1ccc(Oc2ccc(OC[C@@H](O)C[C@@H](O)CC(=O)O)cc2)cc1
199,CHEMBL359515,COCCOc1cccc(Oc2ccc(CN(Cc3ccccc3)c3cccc(NS(C)(=O)=O)c3C)cc2)c1
200,CHEMBL190109,Cc1c(NS(C)(=O)=O)cccc1N(Cc1ccc(Oc2ccc(Cl)c(OCC(=O)O)c2)cc1)Cc1ccc(F)cc1F
201,CHEMBL182610,Cc1c(NS(C)(=O)=O)cccc1N(Cc1ccccc1)Cc1ccc(Oc2ccccc2)cc1
202,CHEMBL185524,CC(=O)NCCOc1cccc(Oc2ccc(CN(Cc3ccccc3)c3cccc(NS(C)(=O)=O)c3C)cc2)c1
203,CHEMBL185264,Cc1c(NS(C)(=O)=O)cccc1N(Cc1ccccc1)Cc1ccc(Oc2ccc(OCCCC(=O)NCCCC(=O)O)cc2)cc1
204,CHEMBL2087289,O=C(O)Cc1cc(Br)c(N(Cc2ccc(Oc3ccc(F)cc3F)cc2)Cc2cc(F)cc(F)c2)c(Br)c1
205,CHEMBL2087286,Cc1c(NS(C)(=O)=O)cccc1N(Cc1ccc(Oc2ccc(F)c(OCC(=O)O)c2)cc1)Cc1cc(F)cc(F)c1
206,CHEMBL191423,Cc1c(NS(C)(=O)=O)cccc1N(Cc1ccc(Oc2ccc(F)c(OCC(=O)O)c2)cc1)Cc1ccc(F)cc1F
207,CHEMBL181493,CC(=O)NCCCOc1cccc(Oc2ccc(CN(Cc3ccccc3)c3cccc(NS(C)(=O)=O)c3C)cc2)c1
208,CHEMBL190225,Cc1c(NS(C)(=O)=O)cccc1N(Cc1ccccc1)Cc1ccc(Oc2ccc(OCC(=O)O)cc2)cc1
209,CHEMBL182464,Cc1c(NS(C)(=O)=O)cccc1N(Cc1ccccc1)Cc1ccc(Oc2cccc(CCNC(=O)CCCC(=O)O)c2)cc1
210,CHEMBL181729,Cc1c(NS(C)(=O)=O)cccc1N(Cc1ccc(Oc2ccc(CCC(=O)O)cc2)cc1)Cc1ccc(F)cc1F
211,CHEMBL182496,Cc1c(NS(C)(=O)=O)cccc1N(Cc1ccccc1)Cc1ccc(Oc2ccc(CCCC(=O)O)cc2)cc1
212,CHEMBL185125,Cc1c(NS(C)(=O)=O)cccc1N(Cc1ccccc1)Cc1ccc(Oc2cccc(OCCCC(=O)O)c2)cc1
213,CHEMBL182984,Cc1c(NS(C)(=O)=O)cccc1N(Cc1ccccc1)Cc1ccc(Oc2cccc(OCC(=O)NCCCC(=O)O)c2)cc1
214,CHEMBL360804,Cc1c(NS(C)(=O)=O)cccc1N(Cc1ccccc1)Cc1ccc(Oc2cccc(CCNC(=O)CCC(=O)O)c2)cc1
215,CHEMBL182842,Cc1c(NS(C)(=O)=O)cccc1N(Cc1ccccc1)Cc1ccc(C(=O)c2ccccc2)cc1
216,CHEMBL182013,Cc1c(NS(C)(=O)=O)cccc1N(Cc1ccc(Oc2cccc(OC[C@@H](O)C[C@@H](O)CC(=O)O)c2)cc1)Cc1ccc(F)cc1F
217,CHEMBL181604,Cc1c(NS(C)(=O)=O)cccc1N(Cc1ccc(Oc2ccccc2)cc1)Cc1ccc(F)cc1F
218,CHEMBL182647,Cc1c(NS(C)(=O)=O)cccc1N(Cc1ccccc1)Cc1ccc(Oc2cccc(CCC(=O)O)c2)cc1
219,CHEMBL182472,Cc1c(NS(C)(=O)=O)cccc1N(Cc1ccccc1)Cc1ccc(Oc2ccc(CCC(=O)O)cc2)cc1
220,CHEMBL2087288,O=C(O)Cc1cc(Br)c(N(Cc2ccc(Oc3ccccc3F)cc2)Cc2cc(F)cc(F)c2)c(Br)c1
221,CHEMBL184120,Cc1c(NS(C)(=O)=O)cccc1N(Cc1ccc(Oc2ccccc2)cc1)Cc1cccc(CCCC(=O)O)c1
222,CHEMBL182726,Cc1c(NS(C)(=O)=O)cccc1N(Cc1ccccc1)Cc1ccc(Oc2cccc(OCC(=O)O)c2)cc1
223,CHEMBL183755,Cc1c(NS(C)(=O)=O)cccc1N(Cc1ccccc1)Cc1ccc(Oc2cccc(CCCC(=O)O)c2)cc1
224,CHEMBL2087291,O=C(O)Cc1cc(Br)c(N(Cc2ccc(Oc3ccc(Cl)cc3Cl)cc2)Cc2cc(F)cc(F)c2)c(Br)c1
225,CHEMBL70381,Cc1c(NS(C)(=O)=O)cccc1N(Cc1ccccc1)Cc1ccc(Cl)cc1F
226,CHEMBL304102,CCc1c(NS(C)(=O)=O)cccc1N(Cc1ccccc1)Cc1ccccc1
227,CHEMBL71450,C=CCOc1ccc(CN(Cc2ccccc2)c2cccc(NS(C)(=O)=O)c2C)cc1
228,CHEMBL420001,Cc1c(NS(C)(=O)=O)cccc1N(Cc1ccccc1)Cc1ccccc1F
229,CHEMBL308743,Cc1c(NS(C)(=O)=O)cccc1N(Cc1ccccc1)Cc1ccc(Cl)cc1
230,CHEMBL419633,Cc1c(NS(C)(=O)=O)cccc1N(Cc1ccccc1)Cc1ccccc1
231,CHEMBL302248,Cc1c(NS(C)(=O)=O)cccc1N(Cc1ccccc1)Cc1ccccc1Cl
232,CHEMBL306697,Cc1c(NS(C)(=O)=O)cccc1N(Cc1ccccc1)Cc1cccc(F)c1
233,CHEMBL68804,Cc1c(NS(C)(=O)=O)cccc1N(Cc1ccccc1)Cc1ccc(F)cc1
234,CHEMBL302250,Cc1ccccc1CN(Cc1ccccc1)c1cccc(NS(C)(=O)=O)c1C
235,CHEMBL71871,CS(=O)(=O)Nc1cccc(N(Cc2ccccc2)Cc2ccccc2)c1CO
236,CHEMBL70574,Cc1ccc(CN(Cc2ccccc2)c2cccc(NS(C)(=O)=O)c2C)cc1
237,CHEMBL302758,Cc1c(NS(C)(=O)=O)cccc1N(Cc1ccccc1)Cc1ccccc1C#N
238,CHEMBL184508,Cc1c(NS(C)(=O)=O)cccc1N(Cc1ccccc1)C(C)c1ccccc1
239,CHEMBL71870,Cc1c(NS(C)(=O)=O)cccc1N(Cc1ccccc1)Cc1ccccc1Br
240,CHEMBL68083,Cc1c(NS(C)(=O)=O)cccc1N(Cc1ccccc1)Cc1ccc(F)cc1F
241,CHEMBL70249,COc1ccc(CN(Cc2ccccc2)c2cccc(NS(C)(=O)=O)c2C)cc1
242,CHEMBL363137,CC(C)(CC(O)(CC1CCCCC1)C(=O)Nc1ccc2c(c1)COC2=O)c1ccccc1
243,CHEMBL197161,CC(C)(CC(O)(Cc1ccccc1)C(=O)Nc1ccc2c(c1)COC2=O)c1ccccc1
244,CHEMBL194802,CC(C)(CC(O)(CC1CCCCC1)C(=O)Nc1ccc2c(c1)COC2=O)c1cc(F)ccc1O
245,CHEMBL373083,Cc1ccccc1CC(O)(CC(C)(C)c1cc(F)ccc1O)C(=O)Nc1ccc2c(c1)COC2=O
246,CHEMBL193523,Cc1cccc(CC(O)(CC(C)(C)c2cc(F)ccc2O)C(=O)Nc2ccc3c(c2)COC3=O)c1
247,CHEMBL197101,COc1ccc(F)cc1C(C)(C)CC(O)(Cc1ccccc1)C(=O)Nc1ccc2c(c1)COC2=O
248,CHEMBL196051,CC(C)(CC(O)(Cc1ccccc1)C(=O)Nc1ccc2c(c1)COC2=O)c1cc(F)ccc1O
249,CHEMBL370624,CC(C)(CC(O)(Cc1ccccc1O)C(=O)Nc1ccc2c(c1)COC2=O)c1ccccc1
250,CHEMBL196237,CC(C)(C)c1ccc(CC(O)(CC(C)(C)c2ccccc2)C(=O)Nc2ccc3c(c2)COC3=O)cc1
251,CHEMBL197100,COc1ccc(F)cc1C(C)(C)CC(O)(CNc1ccc2c(c1)COC2=O)Cc1ccccc1
252,CHEMBL4763360,Cc1ccc([C@@H](Oc2ccc(C(=O)O[C@H]3CCCN(C(=O)[C@H]4COC(=O)C4)C3)cc2)[C@H](C)NC(=O)C(F)(F)F)cc1
253,CHEMBL4759758,Cc1ccc([C@@H](Oc2ccc(C(=O)N[C@H]3CCCN(C(=O)[C@H]4COC(=O)C4)C3)nc2)[C@H](C)NC(=O)C(F)(F)F)cc1
254,CHEMBL4777937,Cc1ccc([C@@H](Oc2ccc(C(=O)N[C@H]3CCCN(C(=O)[C@H]4CCC(=O)O4)C3)nc2)[C@H](C)NC(=O)C(F)(F)F)cc1
255,CHEMBL4795123,Cc1ccc([C@@H](Oc2ccc(C(=O)N[C@H]3CCCN(C(=O)[C@@H]4COC(=O)C4)C3)nc2)[C@H](C)NC(=O)C(F)(F)F)cc1
256,CHEMBL4754348,Cc1ccc([C@@H](Oc2ccc(C(=O)N[C@@H]3CCCN(C(=O)[C@H]4COC(=O)C4)C3)nc2)[C@H](C)NC(=O)C(F)(F)F)cc1
257,CHEMBL4796205,Cc1ccc([C@@H](Oc2ccc(C(=O)N[C@@H]3CCCN(C(=O)[C@@H]4COC(=O)C4)C3)nc2)[C@H](C)NC(=O)C(F)(F)F)cc1
258,CHEMBL4758961,Cc1ccc([C@@H](Oc2ccc(C(=O)N[C@H]3CCCN(C(=O)[C@@H]4CCC(=O)O4)C3)nc2)[C@H](C)NC(=O)C(F)(F)F)cc1
259,CHEMBL4743141,Cc1ccc([C@@H](Oc2ccc(C(=O)N[C@H]3CCCN(C(=O)[C@H]4COC(=O)C4)C3)cc2)[C@H](C)NC(=O)C(F)(F)F)cc1
260,CHEMBL4780682,Cc1ccc([C@@H](Oc2ccc(C(=O)N[C@@H]3CCCN(C(=O)[C@H]4CCC(=O)O4)C3)nc2)[C@H](C)NC(=O)C(F)(F)F)cc1
261,CHEMBL3901337,C[C@H](NC(=O)C1CC1)[C@H](Oc1ccc2c(cnn2-c2ccc(F)cc2)c1)c1ccccc1
262,CHEMBL3897280,COc1cccc([C@@H](Oc2ccc3c(cnn3-c3ccc(F)cc3)c2)[C@H](C)NS(=O)(=O)C2CC2)c1
263,CHEMBL3977631,C[C@H](NS(=O)(=O)C1CC1)[C@H](Oc1ccc2c(cnn2-c2ccc(F)cc2)c1)c1ccc(S(C)(=O)=O)cc1
264,CHEMBL3937635,COc1ccc([C@@H](Oc2ccc3c(cnn3-c3ccc(F)cc3)c2)[C@H](C)NC(=O)C2CC2)cn1
265,CHEMBL3914142,C[C@H](NS(=O)(=O)C1CC1)[C@H](Oc1ccc2c(cnn2-c2ccc(F)cc2)c1)c1ccccc1
266,CHEMBL3967290,C[C@H](NC(=O)C1CC1)[C@H](Oc1ccc2c(cnn2-c2ccc(F)cc2)c1)c1cccnc1
267,CHEMBL3976935,CSc1ccc([C@@H](Oc2ccc3c(cnn3-c3ccc(F)cc3)c2)[C@H](C)NS(=O)(=O)C2CC2)cc1
268,CHEMBL3138128,Cc1c(NS(C)(=O)=O)cccc1N(Cc1ccccc1)Cc1ccc(Oc2ccc(CCC(=O)NCCO[C@@H]3CC[C@]4(C)[C@H](C3)C[C@H](O)[C@@H]3[C@@H]4C[C@@H](O)[C@]4(C)[C@H]3CC[C@H]4[C@@H](C)CCC(=O)O)cc2)cc1
269,CHEMBL268220,Cc1c(NS(C)(=O)=O)cccc1N(Cc1ccccc1)Cc1ccc(Oc2ccc(CCCC(=O)NCCO[C@H]3CC[C@@]4(C)[C@@H](C3)C[C@@H](O)[C@@H]3[C@@H]4C[C@H](O)[C@]4(C)[C@@H]([C@H](C)CCC(=O)O)CC[C@@H]34)cc2)cc1
270,CHEMBL363200,Cc1noc(=O)c2ccc(NC(=O)C(O)(Cc3ccccc3)CC(C)(C)c3ccccc3)cc12
271,CHEMBL195962,Cc1noc(=O)c2ccc(NC(=O)C(O)(CC3CCCCC3)CC(C)(C)c3cc(F)ccc3O)cc12
272,CHEMBL372102,Cc1noc(=O)c2ccc(NC(=O)C(O)(Cc3ccccc3)CC(C)(C)c3cc(F)ccc3O)cc12
273,CHEMBL194804,Cc1noc(=O)c2ccc(NC(=O)C(O)(CC3CCCCC3)CC(C)(C)c3ccccc3)cc12
274,CHEMBL210185,Cc1noc(=O)c2ccc(NC(=O)C(O)(CC3(C4CCC4)CCCc4ccccc43)C(F)(F)F)cc12
275,CHEMBL4762028,C[C@H](NC(=O)[C@H]1CCCO1)[C@H](Oc1ccc(C(=O)O[C@H]2CCCN(C(=O)[C@H]3COC(=O)C3)C2)cc1)c1ccc(C2CC2)cc1
276,CHEMBL4797614,C[C@H](NC(=O)[C@@H]1CCCO1)[C@H](Oc1ccc(C(=O)O[C@H]2CCCN(C(=O)[C@H]3COC(=O)C3)C2)cc1)c1ccc(C2CC2)cc1
277,CHEMBL182058,Cc1c(NS(C)(=O)=O)cccc1N(Cc1ccc(Oc2cccc(OC[C@@H]3C[C@@H](O)CC(=O)O3)c2)cc1)Cc1ccc(F)cc1F
278,CHEMBL3960682,Cc1nnc(C(=O)N[C@@H](C)[C@H](Oc2ccc3c(cnn3-c3ccc(F)cc3)c2)c2ccccc2)o1
279,CHEMBL3940724,Cc1nc(C(=O)N[C@@H](C)[C@H](Oc2ccc3c(cnn3-c3ccc(F)cc3)c2)c2ccccc2)no1
280,CHEMBL4217597,Cc1nnc(C(=O)N[C@@H]([C@H](C)O)[C@H](Oc2ccc3c(cnn3-c3ccc(F)cc3)c2)c2cc(F)cc(F)c2)o1
281,CHEMBL3895181,C=CCO[C@H]1C[C@@]2(C)[C@@H](CC[C@@]2(O)C#CC)[C@@H]2CCc3cc(C(=O)Nc4cccnc4C)ccc3[C@H]21
282,CHEMBL3927299,Cc1ncccc1NC(=O)c1ccc2c(c1)CC[C@@H]1[C@@H]2[C@@H](O)C[C@@]2(C)[C@H]1CC[C@@]2(O)C#CC(C)C
283,CHEMBL3982975,C=CCOC(=O)O[C@H]1C[C@@]2(C)[C@@H](CC[C@@]2(O)C#CC)[C@@H]2CCc3cc(C(=O)Nc4cccnc4C)ccc3[C@H]21
284,CHEMBL3956011,Cc1ccc(NC(=O)c2ccc3c(c2)CC[C@@H]2[C@@H]3[C@@H](O)C[C@]3(C)[C@@H](O)CC[C@@H]23)cn1
285,CHEMBL264841,Cc1c(NS(C)(=O)=O)cccc1N(Cc1ccccc1)Cc1ccc(Oc2cccc(OCC(=O)NCCO[C@H]3CC[C@@]4(C)[C@@H](C3)C[C@@H](O)[C@@H]3[C@@H]4C[C@H](O)[C@]4(C)[C@@H]([C@H](C)CCC(=O)O)CC[C@@H]34)c2)cc1
286,CHEMBL4216649,N#Cc1ccc(O[C@H](c2cnc(C3CC3)nc2)[C@@H](NC(=O)C(F)(F)F)C2CC2)c(Br)c1
287,CHEMBL4070346,C[C@H](NC(=O)C(C)(F)F)[C@H](Oc1ccc2c(cnn2-c2cccc(C(=O)N3CCC[C@@H]3C(N)=O)c2)c1)c1ccc2c(c1)OCCO2
288,CHEMBL4098641,C[C@H](NC(=O)C(C)(F)F)[C@H](Oc1ccc2c(cnn2-c2cccc(C(=O)N3CCC[C@@H]3C(N)=O)c2)c1)c1ccc2c(c1)OCOC2
289,CHEMBL4202668,C[C@H](NC(=O)C(C)(F)F)[C@H](Oc1ccc2c(cnn2-c2ccc(=O)n(CC3CC3)c2)c1)c1ccccc1
290,CHEMBL465919,CCN(CC(O)(CNC(=O)c1cnn(-c2ccc(F)cc2)c1N)C(F)(F)F)C(=O)c1ccc2[nH]ccc2c1
291,CHEMBL4098197,C[C@H](NC(=O)C(C)(F)F)[C@H](Oc1ccc2c(cnn2-c2cccc(C(=O)NC3CCS(=O)(=O)C3)c2)c1)c1ccccc1
292,CHEMBL4059755,C[C@H](NC(=O)C(C)(F)F)[C@H](Oc1ccc2c(cnn2-c2cccc(C(=O)N[C@@H]3CCOC3=O)c2)c1)c1ccccc1
293,CHEMBL3233275,COc1ccc(F)cc1C(C)(C)CC(O)(Cc1cc2ccncc2[nH]1)C1CCC1
294,CHEMBL383890,Cc1noc(=O)c2ccc(NC(=O)C(O)(CC3(C4CCCCC4)CCCc4ccccc43)C(F)(F)F)cc12
295,CHEMBL212059,Cc1noc(=O)c2ccc(NC(=O)C(O)(CC3(c4ccccc4)CCCc4ccccc43)C(F)(F)F)cc12
296,CHEMBL4756197,C[C@H](NC(=O)C(F)(F)F)[C@H](Oc1ccc(C(=O)O[C@H]2CCCN(C(=O)[C@H]3COC(=O)C3)C2)cc1)c1ccc(C2CC2)cc1
297,CHEMBL208996,Cc1noc(=O)c2ccc(NC(=O)[C@](O)(C[C@@]3(C4CCCC4)CCCc4ccccc43)C(F)(F)F)cc12
298,CHEMBL235365,Cc1noc(=O)c2ccc(NC(=O)C(O)(CC3(C4CCCC4)CCCc4ccccc43)C(F)(F)F)cc12
299,CHEMBL184771,Cc1c(NS(C)(=O)=O)cccc1N(Cc1ccccc1)Cc1ccc(Oc2ccc(CCC(=O)NCCCN3CCCC3=O)cc2)cc1
300,CHEMBL386448,Cc1noc(=O)c2ccc(NC(=O)C(O)(CC3(C4CC4)CCCc4ccccc43)C(F)(F)F)cc12
301,CHEMBL182016,Cc1c(NS(C)(=O)=O)cccc1N(Cc1ccccc1)Cc1ccc(Oc2cccc(OCCCN3CCOCC3)c2)cc1
302,CHEMBL4211936,COc1ccc([C@@H](Oc2ccc3c(cnn3-c3ccc(F)cc3)c2)[C@H](Cc2ccccc2)NC(=O)C(C)(F)F)cn1
303,CHEMBL4096557,C[C@H](NC(=O)C(C)(F)F)[C@H](Oc1ccc2c(cnn2-c2cccc(C(=O)N3CCC[C@@H]3C(N)=O)c2)c1)c1ccccc1
304,CHEMBL4078531,C[C@H](NC(=O)C(C)(F)F)[C@H](Oc1ccc2c(cnn2-c2cccc(C(=O)N3CCC[C@H]3C(N)=O)c2)c1)c1ccccc1
305,CHEMBL372684,C[C@]12Cc3cnn(-c4ccc(F)cc4)c3C=C1CCC[C@@H]2[C@H](O)c1csc2ccccc12
306,CHEMBL363179,C[C@]12Cc3cnn(-c4ccc(F)cc4)c3C=C1CCC[C@@H]2[C@@H](O)c1csc2ccccc12
307,CHEMBL3582119,CC1(C)Nc2c(cc(-c3cccc4nccn34)c3c2CCC3)C(C)(C)C1=O
308,CHEMBL3582120,CC1(C)Nc2c(cc(-c3cccn4nccc34)c3c2CCC3)C(C)(C)C1=O
309,CHEMBL3582122,CC1(C)Nc2c(cc(-c3cccc4nncn34)c3c2CCC3)C(C)(C)C1=O
310,CHEMBL3582121,CC1(C)Nc2c(cc(-c3cncc4nccn34)c3c2CCC3)C(C)(C)C1=O
311,CHEMBL222900,CC#C[C@]1(O)CC[C@H]2[C@@H]3CCC4=CC(=O)CCC4=C3[C@@H](c3ccc(OC)c(C)c3)C[C@@]21C
312,CHEMBL376264,C=CCOc1ccc([C@H]2C[C@@]3(C)[C@@H](CC[C@@]3(O)C#CC)[C@@H]3CCC4=CC(=O)CCC4=C32)cc1Cl
313,CHEMBL221492,CC#C[C@]1(O)CC[C@H]2[C@@H]3CCC4=CC(=O)CCC4=C3[C@@H](c3cc(C)c(OC)c(C)c3)C[C@@]21C
314,CHEMBL218214,CC#C[C@]1(O)CC[C@H]2[C@@H]3CCC4=CC(=O)CCC4=C3[C@@H](c3ccc(SC)cc3)C[C@@]21C
315,CHEMBL221491,CC#C[C@]1(O)CC[C@H]2[C@@H]3CCC4=CC(=O)CCC4=C3[C@@H](c3c(F)cc(OC)cc3F)C[C@@]21C
316,CHEMBL221686,CC#C[C@]1(O)CC[C@H]2[C@@H]3CCC4=CC(=O)CCC4=C3[C@@H](c3ccc(OC)cc3)C[C@@]21C
317,CHEMBL1276308,CC#C[C@]1(O)CC[C@H]2[C@@H]3CCC4=CC(=O)CCC4=C3[C@@H](c3ccc(N(C)C)cc3)C[C@@]21C
318,CHEMBL223675,C=CCOc1c(C)cc([C@H]2C[C@@]3(C)[C@@H](CC[C@@]3(O)C#CC)[C@@H]3CCC4=CC(=O)CCC4=C32)cc1Cl
319,CHEMBL4172624,CC#C[C@]1(O)CC[C@H]2[C@@H]3CCC4=CC(=O)CCC4=C3[C@@H](c3ccc(C(C)C)cc3)C[C@@]21C
320,CHEMBL222127,CC#C[C@]1(O)CC[C@H]2[C@@H]3CCC4=CC(=O)CCC4=C3[C@@H](c3cc(F)c(OC)cc3F)C[C@@]21C
321,CHEMBL426386,CC#C[C@]1(O)CC[C@H]2[C@@H]3CCC4=CC(=O)CCC4=C3[C@@H](c3ccc(O)c(C)c3)C[C@@]21C
322,CHEMBL433964,CC#C[C@]1(O)CCC2C3CCC4CC(=O)CCC4=C3C(c3ccc(N(C)C)cc3)C[C@@]21C
323,CHEMBL4159987,CN(C)c1ccc([C@H]2C[C@@]3(C)[C@@H](CC[C@@]3(O)C#CC(C)(C)C)[C@@H]3CCC4=CC(=O)CC[C@@H]4[C@H]32)cc1
324,CHEMBL4161754,CC(C)N(C)c1ccc([C@H]2C[C@@]3(C)[C@@H](CC[C@@]3(O)C#CC(C)(C)C)[C@@H]3CCC4=CC(=O)CC[C@@H]4[C@H]32)cc1
325,CHEMBL221646,CC#C[C@]1(O)CC[C@H]2[C@@H]3CCC4=CC(=O)CCC4=C3[C@@H](c3c(F)cc(OC)cc3OC)C[C@@]21C
326,CHEMBL182883,CC#C[C@]1(O)CC[C@H]2[C@@H]3CCC4=CC(=O)CCC4=C3[C@@H](c3ccc(N(C)C[C@@H](O)C[C@@H](O)CC(=O)O)cc3)C[C@@]21C
327,CHEMBL4159692,CCC#C[C@]1(O)CC[C@H]2[C@@H]3CCC4=CC(=O)CCC4=C3[C@@H](c3ccc(N(C)C)cc3)C[C@@]21C
328,CHEMBL221426,CC#C[C@]1(O)CC[C@H]2[C@@H]3CCC4=CC(=O)CCC4=C3[C@@H](c3ccc(OC)cc3C)C[C@@]21C
329,CHEMBL183540,CC#C[C@]1(O)CC[C@H]2[C@@H]3CCC4=CC(=O)CCC4=C3[C@@H](c3ccc(OC[C@@H](O)C[C@@H](O)CC(=O)O)cc3)C[C@@]21C
330,CHEMBL403787,CC#C[C@]1(O)CC[C@H]2[C@@H]3CCC4=CC(=O)CCC4=C3[C@@H](c3ccc(P(C)(C)=O)cc3)C[C@@]21C
331,CHEMBL4164157,CN(C)c1ccc([C@H]2C[C@@]3(C)[C@@H](CC[C@@]3(O)C#CC(F)(F)F)[C@@H]3CCC4=CC(=O)CCC4=C32)cc1
332,CHEMBL4164900,CN(C)c1cc(F)c([C@H]2C[C@@]3(C)[C@@H](CC[C@@]3(O)C#CC(C)(C)C)[C@@H]3CCC4=CC(=O)CCC4=C32)c(F)c1
333,CHEMBL4460554,CCC(C)(C)C#C[C@]1(O)CC[C@H]2[C@@H]3CCC4=CC(=O)CC[C@@H]4[C@H]3[C@@H](c3ccc(N(C)C)cc3)C[C@@]21C
334,CHEMBL4576596,CCN(CC)c1ccc([C@H]2C[C@@]3(C)[C@@H](CC[C@@]3(O)C#CC(C)(C)C)[C@@H]3CCC4=CC(=O)CC[C@@H]4[C@H]32)cc1
335,CHEMBL4159430,CC#C[C@]1(O)CC[C@H]2[C@@H]3CCC4=CC(=O)CCC4=C3[C@@H](c3ccccc3)C[C@@]21C
336,CHEMBL4163069,CN(C)c1ccc([C@H]2C[C@@]3(C)[C@@H](CC[C@@]3(O)C#CC(C)(C)C)[C@@H]3CCC4=CC(=O)CCC4=C32)cc1
337,CHEMBL4169685,COC(C)(C)C#C[C@]1(O)CC[C@H]2[C@@H]3CCC4=CC(=O)CC[C@@H]4[C@H]3[C@@H](c3ccc(N(C)C)cc3)C[C@@]21C
338,CHEMBL4174418,CC(C)c1ccc([C@H]2C[C@@]3(C)[C@@H](CC[C@@]3(O)C#CC(C)(C)C)[C@@H]3CCC4=CC(=O)CCC4=C32)cc1
339,CHEMBL4170986,Cc1ccc([C@H]2C[C@@]3(C)[C@@H](CC[C@@]3(O)C#CC(C)(C)C)[C@@H]3CCC4=CC(=O)CCC4=C32)cc1
340,CHEMBL4161175,COc1ccc([C@H]2C[C@@]3(C)[C@@H](CC[C@@]3(O)C#CC(C)(C)C)[C@@H]3CCC4=CC(=O)CCC4=C32)cc1
341,CHEMBL4166499,CCc1ccc([C@H]2C[C@@]3(C)[C@@H](CC[C@@]3(O)C#CC(C)(C)C)[C@@H]3CCC4=CC(=O)CCC4=C32)cc1
342,CHEMBL4167332,CC#C[C@]1(O)CC[C@H]2[C@@H]3CCC4=CC(=O)CCC4=C3[C@@H](C3CCCCC3)C[C@@]21C
343,CHEMBL4452917,CC#C[C@]1(O)CC[C@H]2[C@@H]3CCC4=CC(=O)CC[C@]4(C)[C@H]3[C@@H](c3ccc(N(C)C(C)C)cc3)C[C@@]21C
344,CHEMBL4167608,CC(C)C#C[C@]1(O)CC[C@H]2[C@@H]3CCC4=CC(=O)CCC4=C3[C@@H](c3ccc(N(C)C)cc3)C[C@@]21C
345,CHEMBL1908373,CN(C)c1ccc([C@H]2C[C@]3(C)[C@@H](CC[C@]3(O)CCCO)[C@@H]3CCC4=CC(=O)CCC4=C32)cc1
346,CHEMBL4161483,Cc1cc([C@H]2C[C@@]3(C)[C@@H](CC[C@@]3(O)C#CC(C)(C)C)[C@@H]3CCC4=CC(=O)CCC4=C32)ccc1N(C)C
347,CHEMBL4571052,CC#C[C@]1(O)CC[C@H]2[C@@H]3CCC4=CC(=O)CC[C@]4(C)[C@H]3[C@@H](c3ccc(N(C)C)cc3)C[C@@]21C
348,CHEMBL4174812,CCCC[C@]1(O)CC[C@H]2[C@@H]3CCC4=CC(=O)CCC4=C3[C@@H](c3ccc(N(C)C)cc3)C[C@@]21C
349,CHEMBL4476413,CN(C)c1ccc([C@H]2C[C@@]3(C)[C@@H](CC[C@@]3(O)C#CC(C)(C)C)[C@@H]3CCC4=CC(=O)CC[C@]4(C)[C@H]32)cc1
350,CHEMBL361406,CC#C[C@]1(O)CC[C@H]2[C@@H]3CCC4=CC(=O)CCC4=C3[C@@H](c3ccc(N(C)C[C@@H](O)CC(=O)O)cc3)C[C@@]21C
351,CHEMBL4172798,CN(C)c1c(F)cc([C@H]2C[C@@]3(C)[C@@H](CC[C@@]3(O)C#CC(C)(C)C)[C@@H]3CCC4=CC(=O)CCC4=C32)cc1F
352,CHEMBL4165975,CC(C)N(C)c1ccc([C@H]2C[C@@]3(C)[C@@H](CC[C@@]3(O)C#CC(C)(C)C)[C@@H]3CCC4=CC(=O)CCC4=C32)cc1
353,CHEMBL4483697,CN(C)c1ccc([C@H]2C[C@@]3(C)[C@@H](CC[C@@]3(O)C#CC(F)(F)F)[C@@H]3CCC4=CC(=O)CC[C@]4(C)[C@H]32)cc1
354,CHEMBL4169408,COc1cc([C@H]2C[C@@]3(C)[C@@H](CC[C@@]3(O)C#CC(C)(C)C)[C@@H]3CCC4=CC(=O)CCC4=C32)ccc1N(C)C
355,CHEMBL4562338,CC#C[C@]1(O)CC[C@H]2[C@@H]3CCC4=CC(=O)CC[C@]4(C)[C@H]3[C@@H](c3ccc(N(C)CCOC)cc3)C[C@@]21C
356,CHEMBL231413,CN(C)c1ccc([C@H]2C[C@@]3(C)[C@@H](CC[C@@]3(O)C#CC(F)(F)F)[C@@H]3OCC4=CC(=O)CCC4=C32)cc1
357,CHEMBL4515467,CC#C[C@]1(O)CC[C@H]2[C@@H]3CCC4=CC(=O)CC[C@]4(C)[C@H]3[C@@H](c3ccc(OC)cc3)C[C@@]21C
358,CHEMBL221545,CC#C[C@]1(O)CC[C@H]2[C@@H]3CCC4=CC(=O)CCC4=C3[C@@H](c3cc(OC)c(OC)c(OC)c3)C[C@@]21C
359,CHEMBL4468879,CC(C)C#C[C@]1(O)CC[C@H]2[C@@H]3CCC4=CC(=O)CC[C@]4(C)[C@H]3[C@@H](c3ccc(N(C)C)cc3)C[C@@]21C
360,CHEMBL4161968,CC#C[C@]1(O)CC[C@H]2[C@@H]3CCC4=CC(=O)CCC4=C3[C@@H](c3cccc(N(C)C)c3)C[C@@]21C
361,CHEMBL4476493,CCC#C[C@]1(O)CC[C@H]2[C@@H]3CCC4=CC(=O)CC[C@]4(C)[C@H]3[C@@H](c3ccc(N(C)C)cc3)C[C@@]21C
362,CHEMBL267431,COC[C@]1(OC)CC[C@H]2[C@@H]3CCC4=CC(=O)CCC4=C3[C@@H](c3ccc(/C=N/O)cc3)C[C@@]21C
363,CHEMBL230901,CC#C[C@]1(O)CC[C@H]2[C@@H]3OCC4=CC(=O)CCC4=C3[C@@H](c3ccc(N(C)C)cc3)C[C@@]21C
364,CHEMBL4162539,CC(C)(C)C#C[C@]1(O)CC[C@H]2[C@@H]3CCC4=CC(=O)CCC4=C3[C@@H](c3ccc(N4CCCC4)cc3)C[C@@]21C
365,CHEMBL4448048,CC#C[C@]1(O)CC[C@H]2[C@@H]3CCC4=CC(=O)CC[C@]4(C)[C@H]3[C@@H](c3ccc(-n4cccc4)cc3)C[C@@]21C
366,CHEMBL4453035,CC#C[C@]1(O)CC[C@H]2[C@@H]3CCC4=CC(=O)CC[C@]4(C)[C@H]3[C@@H](c3ccc(N4CCCC4)cc3)C[C@@]21C
367,CHEMBL4167905,CC(C)(C)C#C[C@]1(O)CC[C@H]2[C@@H]3CCC4=CC(=O)CCC4=C3[C@@H](c3ccc(C4(C)COC4)cc3)C[C@@]21C
368,CHEMBL1200845,CC1(C)O[C@@H]2C[C@H]3[C@@H]4CCC5=CC(=O)CC[C@]5(C)[C@@]4(F)[C@@H](O)C[C@]3(C)[C@]2(C(=O)CCl)O1
369,CHEMBL989,CC1(C)O[C@@H]2C[C@H]3[C@@H]4C[C@H](F)C5=CC(=O)C=C[C@]5(C)[C@@]4(F)[C@@H](O)C[C@]3(C)[C@]2(C(=O)CO)O1
370,CHEMBL1504,CC1(C)O[C@@H]2C[C@H]3[C@@H]4CCC5=CC(=O)C=C[C@]5(C)[C@@]4(F)[C@@H](O)C[C@]3(C)[C@]2(C(=O)CO)O1
371,CHEMBL1201012,CC1(C)O[C@@H]2C[C@H]3[C@@H]4C[C@H](F)C5=CC(=O)CC[C@]5(C)[C@H]4[C@@H](O)C[C@]3(C)[C@]2(C(=O)CO)O1
372,CHEMBL1370,CCCC1O[C@@H]2C[C@H]3[C@@H]4CCC5=CC(=O)C=C[C@]5(C)[C@H]4[C@@H](O)C[C@]3(C)[C@]2(C(=O)CO)O1
373,CHEMBL1501,CC(=O)OCC(=O)[C@@]12OC(C)(C)O[C@@H]1C[C@H]1[C@@H]3C[C@H](F)C4=CC(=O)C=C[C@]4(C)[C@@]3(F)[C@@H](O)C[C@@]12C
374,CHEMBL1512,CC1(C)O[C@@H]2C[C@H]3[C@@H]4C[C@H](F)C5=CC(=O)C=C[C@]5(C)[C@H]4[C@@H](O)C[C@]3(C)[C@]2(C(=O)CO)O1
375,CHEMBL3933702,CC#C[C@]1(O)CC[C@H]2[C@@H]3CCc4cc(C(=O)Nc5cccnc5C)ccc4[C@H]3[C@@H](OCc3ccc(Cl)cc3)C[C@@]21C
376,CHEMBL3966490,CC#C[C@]1(O)CC[C@H]2[C@@H]3CCc4cc(C(=O)Nc5cccnc5C)ccc4[C@H]3[C@@H](OCc3ccccc3)C[C@@]21C
377,CHEMBL3907029,CC#C[C@]1(O)CC[C@H]2[C@@H]3CCc4cc(C(=O)Nc5cccnc5C)ccc4[C@H]3[C@@H](OCc3cccc(Cl)c3)C[C@@]21C
378,CHEMBL3904106,CC#C[C@]1(O)CC[C@H]2[C@@H]3CCc4cc(C(=O)Nc5cccnc5C)ccc4[C@H]3[C@@H](OCc3ccccc3Cl)C[C@@]21C
379,CHEMBL65221,CS(=O)(=O)Nc1ccc2c(c1)C(c1ccccc1)Oc1cccc(OC(F)F)c1-2
380,CHEMBL65695,COc1cccc2c1-c1ccc(NS(C)(=O)=O)cc1C(c1cccc(Cl)c1)O2
381,CHEMBL65354,COc1cccc2c1-c1ccc(NS(C)(=O)=O)cc1C(c1cccc(F)c1)O2
382,CHEMBL304877,COc1cccc2c1-c1ccc(NS(C)(=O)=O)cc1C(c1ccc(Cl)c(Cl)c1)O2
383,CHEMBL304482,COc1cccc(C2Oc3cccc(OC)c3-c3ccc(NS(C)(=O)=O)cc32)c1
384,CHEMBL65868,COc1cccc2c1-c1ccc(NS(C)(=O)=O)cc1C(c1ccc(C)cc1)O2
385,CHEMBL304019,COc1cccc2c1-c1ccc(NS(C)(=O)=O)cc1C(c1ccc(Cl)cc1)O2
386,CHEMBL65021,COc1cccc2c1-c1ccc(NS(C)(=O)=O)cc1C(c1ccccc1)O2
387,CHEMBL294800,COc1cccc2c1-c1ccc(NS(C)(=O)=O)cc1C(c1cccc(C)c1)O2
388,CHEMBL417202,CNc1cccc(C2Oc3cccc(OC)c3-c3ccc(NS(C)(=O)=O)cc32)c1
389,CHEMBL65657,COc1cccc2c1-c1ccc(NS(C)(=O)=O)cc1C(c1ccc(F)cc1)O2
390,CHEMBL302442,CCOC(=O)c1cccc(C2Oc3cccc(OC)c3-c3ccc(NS(C)(=O)=O)cc32)c1
391,CHEMBL62118,COc1cccc2c1-c1ccc(NS(=O)(=O)N(C)C)cc1C(c1ccccc1)O2
392,CHEMBL303071,COc1cccc2c1-c1ccc(NS(C)(=O)=O)cc1C(C1CCCCC1)O2
393,CHEMBL63932,CCOC(=O)c1ccc(C2Oc3cccc(OC)c3-c3ccc(NS(C)(=O)=O)cc32)cc1
394,CHEMBL65444,CCS(=O)(=O)Nc1ccc2c(c1)C(c1ccccc1)Oc1cccc(OC)c1-2
395,CHEMBL416869,COc1cccc2c1-c1ccc(NC(C)=O)cc1C(c1ccccc1)O2
396,CHEMBL293452,COc1cccc2c1-c1ccc(NS(C)(=O)=O)cc1C(c1cc(C)cc(C)c1)O2
397,CHEMBL66598,CCOc1cccc2c1-c1ccc(NS(C)(=O)=O)cc1C(c1ccccc1)O2
398,CHEMBL397191,CN(C)c1ccc([C@H]2C[C@@]3(C)[C@@H](CC[C@@]3(O)C#Cc3ccsc3)[C@@H]3OCC4=CC(=O)CCC4=C32)cc1
399,CHEMBL182961,CC#C[C@]1(O)CC[C@H]2[C@@H]3CCC4=CC(=O)CCC4=C3[C@@H](c3ccc(N(C)C[C@@H]4C[C@@H](O)CC(=O)O4)cc3)C[C@@]21C
400,CHEMBL298687,COc1cccc2c1-c1ccc3c(c1[C@H]([C@@H]1C=C(C)CCC1)O2)C(C)=CC(C)(C)N3
401,CHEMBL97206,COc1cccc2c1-c1ccc3c(c1C(c1cccc(OCSC)c1)O2)C(C)=CC(C)(C)N3
402,CHEMBL317578,COc1cccc2c1-c1ccc3c(c1C(c1cccc(OC(=O)N(C)C)c1)O2)C(C)=CC(C)(C)N3
403,CHEMBL46199,COc1cccc2c1-c1ccc3c(c1C(C1C=CCCC1)O2)C(C)=CC(C)(C)N3
404,CHEMBL48588,COc1cccc2c1-c1ccc3c(c1C(C1C=C(C)CCC1)O2)C(C)=CC(C)(C)N3
405,CHEMBL419158,COc1cccc2c1-c1ccc3c(c1C(c1cc(Cl)cc(Cl)c1)O2)C(C)=CC(C)(C)N3
406,CHEMBL330638,COc1cccc2c1-c1ccc3c(c1C(c1cc(C)cc(C)c1)O2)C(C)=CC(C)(C)N3
407,CHEMBL327757,COCOc1cccc(C2Oc3cccc(OC)c3-c3ccc4c(c32)C(C)=CC(C)(C)N4)c1
408,CHEMBL100219,COc1cccc2c1-c1ccc3c(c1C(c1cc(C)cc(Br)c1)O2)C(C)=CC(C)(C)N3
409,CHEMBL453579,CC1=C[C@@H]([C@@H]2Oc3c(F)cc(F)cc3-c3ccc4c(c32)C(C)=CC(C)(C)N4)CCC1
410,CHEMBL46325,COc1cccc2c1-c1ccc3c(c1[C@H]([C@H]1C=C(C)CCC1)O2)C(C)=CC(C)(C)N3
411,CHEMBL95644,COc1cccc2c1-c1ccc3c(c1C(c1cccc(C(F)(F)F)c1)O2)C(C)=CC(C)(C)N3
412,CHEMBL99046,COc1cccc2c1-c1ccc3c(c1C(c1ccccc1)O2)C(C)=CC(C)(C)N3
413,CHEMBL99123,COc1cccc2c1-c1ccc3c(c1C(c1cc(F)cc(F)c1)O2)C(C)=CC(C)(C)N3
414,CHEMBL317921,CC1=CC(C)(C)Nc2ccc3c(c21)C(c1ccc(Cl)c(Cl)c1)Oc1ccccc1-3
415,CHEMBL47463,COc1cccc2c1-c1ccc3c(c1C(C1C=CCC1)O2)C(C)=CC(C)(C)N3
416,CHEMBL220955,CC#C[C@]1(O)CC[C@H]2[C@@H]3CCC4=CC(=O)CCC4=C3[C@@H](c3ccc(-c4ccc(OC)cc4)cc3)C[C@@]21C
417,CHEMBL4545820,CC(C)(C)C#C[C@]1(O)CC[C@H]2[C@@H]3CCC4=CC(=O)CC[C@@H]4[C@H]3[C@@H](c3ccc(N4CCOCC4)cc3)C[C@@]21C
418,CHEMBL4483408,CC(C)(C)C#C[C@]1(O)CC[C@H]2[C@@H]3CCC4=CC(=O)CC[C@@H]4[C@H]3[C@@H](c3ccc(N4CCN(S(C)(=O)=O)CC4)cc3)C[C@@]21C
419,CHEMBL4171957,CC(C)(C)C#C[C@]1(O)CC[C@H]2[C@@H]3CCC4=CC(=O)CCC4=C3[C@@H](c3ccc(N4CCOCC4)cc3)C[C@@]21C
420,CHEMBL4173222,CC(C)(C)C#C[C@]1(O)CC[C@H]2[C@@H]3CCC4=CC(=O)CCC4=C3[C@@H](c3ccc(N4CCS(=O)(=O)CC4)cc3)C[C@@]21C
421,CHEMBL4591353,CN1CCN(c2ccc([C@H]3C[C@@]4(C)[C@@H](CC[C@@]4(O)C#CC(C)(C)C)[C@@H]4CCC5=CC(=O)CC[C@@H]5[C@H]43)cc2)CC1
422,CHEMBL232223,Cc1ccc(C#C[C@]2(O)CC[C@H]3[C@@H]4OCC5=CC(=O)CCC5=C4[C@@H](c4ccc(N(C)C)cc4)C[C@@]32C)cc1
423,CHEMBL390700,CN(C)c1ccc([C@H]2C[C@@]3(C)[C@@H](CC[C@@]3(O)C#Cc3ccc(Br)cc3)[C@@H]3OCC4=CC(=O)CCC4=C32)cc1
424,CHEMBL397239,CN(C)c1ccc([C@H]2C[C@@]3(C)[C@@H](CC[C@@]3(O)C#Cc3cc(F)cc(F)c3)[C@@H]3OCC4=CC(=O)CCC4=C32)cc1
425,CHEMBL395706,Cc1cccc(C#C[C@]2(O)CC[C@H]3[C@@H]4OCC5=CC(=O)CCC5=C4[C@@H](c4ccc(N(C)C)cc4)C[C@@]32C)c1
426,CHEMBL232219,CN(C)c1ccc([C@H]2C[C@@]3(C)[C@@H](CC[C@@]3(O)C#Cc3ccc(F)cc3)[C@@H]3OCC4=CC(=O)CCC4=C32)cc1
427,CHEMBL397212,CN(C)c1ccc([C@H]2C[C@@]3(C)[C@@H](CC[C@@]3(O)C#Cc3ccc(C#N)cc3)[C@@H]3OCC4=CC(=O)CCC4=C32)cc1
428,CHEMBL232428,CN(C)c1ccc([C@H]2C[C@@]3(C)[C@@H](CC[C@@]3(O)C#Cc3ccc(Cl)cc3)[C@@H]3OCC4=CC(=O)CCC4=C32)cc1
429,CHEMBL245134,CN(C)c1ccc([C@H]2C[C@@]3(C)[C@@H](CC[C@@]3(O)C#Cc3cccc(C(F)(F)F)c3)[C@@H]3OCC4=CC(=O)CCC4=C32)cc1
430,CHEMBL245131,CN(C)c1ccc([C@H]2C[C@@]3(C)[C@@H](CC[C@@]3(O)C#Cc3cccc(Cl)c3)[C@@H]3OCC4=CC(=O)CCC4=C32)cc1
431,CHEMBL396784,CN(C)c1ccc([C@H]2C[C@@]3(C)[C@@H](CC[C@@]3(O)C#Cc3ccccc3C(F)(F)F)[C@@H]3OCC4=CC(=O)CCC4=C32)cc1
432,CHEMBL244972,CN(C)c1ccc([C@H]2C[C@@]3(C)[C@@H](CC[C@@]3(O)C#Cc3cccc(F)c3)[C@@H]3OCC4=CC(=O)CCC4=C32)cc1
433,CHEMBL396451,CN(C)c1ccc([C@H]2C[C@@]3(C)[C@@H](CC[C@@]3(O)C#Cc3ccccc3Br)[C@@H]3OCC4=CC(=O)CCC4=C32)cc1
434,CHEMBL394860,CN(C)c1ccc([C@H]2C[C@@]3(C)[C@@H](CC[C@@]3(O)C#Cc3ccccc3Cl)[C@@H]3OCC4=CC(=O)CCC4=C32)cc1
435,CHEMBL233249,CN(C)c1ccc([C@H]2C[C@@]3(C)[C@@H](CC[C@@]3(O)C#Cc3ccccc3F)[C@@H]3OCC4=CC(=O)CCC4=C32)cc1
436,CHEMBL231798,CN(C)c1ccc([C@H]2C[C@@]3(C)[C@@H](CC[C@@]3(O)C#Cc3ccc(C(C)(C)C)cc3)[C@@H]3OCC4=CC(=O)CCC4=C32)cc1
437,CHEMBL396983,COc1ccc(C#C[C@]2(O)CC[C@H]3[C@@H]4OCC5=CC(=O)CCC5=C4[C@@H](c4ccc(N(C)C)cc4)C[C@@]32C)cc1
438,CHEMBL1950695,CC#C[C@]1(O)CC[C@H]2[C@@H]3CCC4=CC(=O)CCC4=C3[C@@H](c3ccc4oc(CC)nc4c3)C[C@@]21C
439,CHEMBL1950694,CC#C[C@]1(O)CC[C@H]2[C@@H]3CCC4=CC(=O)CCC4=C3[C@@H](c3ccc4oc(C)nc4c3)C[C@@]21C
440,CHEMBL1950693,CC#C[C@]1(O)CC[C@H]2[C@@H]3CCC4=CC(=O)CCC4=C3[C@@H](c3ccc4ocnc4c3)C[C@@]21C
441,CHEMBL1950698,CC#C[C@]1(NC=O)CC[C@H]2[C@@H]3CCC4=CC(=O)CCC4=C3[C@@H](c3ccc4ocnc4c3)C[C@@]21C
442,CHEMBL1950697,CC#C[C@]1(O)CC[C@H]2[C@@H]3CCC4=CC(=O)CCC4=C3[C@@H](c3ccc4oc(C(F)(F)F)nc4c3)C[C@@]21C
443,CHEMBL3706950,COc1c(O)ccc2c1-c1ccc3c(c1/C(=C/c1cccc(-c4cccnc4)c1)O2)C(C)=CC(C)(C)N3
444,CHEMBL3706945,COc1c(O)ccc2c1-c1ccc3c(c1/C(=C/c1cccc(-c4ccccc4)c1)O2)C(C)=CC(C)(C)N3
445,CHEMBL219684,CC#C[C@]1(O)CC[C@H]2[C@@H]3CCC4=CC(=O)CCC4=C3[C@@H](c3ccc(N(C)CCO[C@H]4CC[C@@]5(C)[C@@H](C4)C[C@@H](O)[C@@H]4[C@@H]5C[C@H](O)[C@]5(C)[C@@H]([C@H](C)CCC(=O)O)CC[C@@H]45)cc3)C[C@@]21C
446,CHEMBL374507,CC#C[C@]1(O)CC[C@H]2[C@@H]3CCC4=CC(=O)CCC4=C3[C@@H](c3ccc(OCCO[C@H]4CC[C@@]5(C)[C@@H](C4)C[C@@H](O)[C@@H]4[C@@H]5C[C@H](O)[C@]5(C)[C@@H]([C@H](C)CCC(=O)O)CC[C@@H]45)c(C)c3)C[C@@]21C
447,CHEMBL374732,CC#C[C@]1(O)CC[C@H]2[C@@H]3CCC4=CC(=O)CCC4=C3[C@@H](c3cc(C)c(OCCO[C@H]4CC[C@@]5(C)[C@@H](C4)C[C@@H](O)[C@@H]4[C@@H]5C[C@H](O)[C@]5(C)[C@@H]([C@H](C)CCC(=O)O)CC[C@@H]45)c(C)c3)C[C@@]21C
448,CHEMBL555872,CSc1ccc([C@H]2OC[C@@]3(C)[C@@H](CC[C@@]3(O)C(F)(F)C(F)(F)F)[C@@H]3CCC4=CC(=O)CCC4=C32)cc1
449,CHEMBL549896,CC#C[C@]1(O)CC[C@H]2[C@@H]3CCC4=CC(=O)CCC4=C3[C@@H](c3ccc(N(C)C)cc3)OC[C@@]21C
450,CHEMBL563544,CN(C)c1ccc([C@H]2OC[C@@]3(C)[C@@H](CC[C@@]3(O)C(F)(F)C(F)(F)F)[C@@H]3CCC4=CC(=O)CCC4=C32)cc1
451,CHEMBL564310,CC#C[C@]1(O)CC[C@H]2[C@@H]3CCC4=CC(=O)CCC4=C3[C@@H](c3ccc(OC)cc3)OC[C@@]21C
452,CHEMBL551259,C=C(C)[C@]1(O)CC[C@H]2[C@@H]3CCC4=CC(=O)CCC4=C3[C@@H](c3ccc(SC)cc3)OC[C@@]21C
453,CHEMBL564700,C#C[C@]1(O)CC[C@H]2[C@@H]3CCC4=CC(=O)CCC4=C3[C@@H](c3ccc(N(C)C)cc3)OC[C@@]21C
454,CHEMBL3582112,Cc1noc(C)c1-c1cc2c(c3c1CCC3)NC(C)(C)C(=O)C2(C)C
455,CHEMBL3582114,Cc1noc(C)c1-c1cc2c(c3c1OCO3)NC(C)(C)C(=O)C2(C)C
456,CHEMBL3706941,COc1c(O)ccc2c1-c1ccc3c(c1/C(=C/c1ccc(F)cc1/C=N/O)O2)C(C)=CC(C)(C)N3
457,CHEMBL3706943,COc1c(O)ccc2c1-c1ccc3c(c1/C(=C/c1cccc(C)c1)O2)C(C)=CC(C)(C)N3
458,CHEMBL3706956,COc1c(O)ccc2c1-c1ccc3c(c1/C(=C/c1ccc(O)cc1)O2)C(C)=CC(C)(C)N3
459,CHEMBL3706934,COc1c(O)ccc2c1-c1ccc3c(c1/C(=C/c1ccccc1C)O2)C(C)=CC(C)(C)N3
460,CHEMBL3706942,COCOCc1cc(F)ccc1/C=C1\Oc2ccc(O)c(OC)c2-c2ccc3c(c21)C(C)=CC(C)(C)N3
461,CHEMBL3706962,COc1c(O)ccc2c1-c1ccc3c(c1/C(=C/c1cccc(C)n1)O2)C(C)=CC(C)(C)N3
462,CHEMBL3706932,COc1c(O)ccc2c1-c1ccc3c(c1/C(=C/c1ccccc1F)O2)C(C)=CC(C)(C)N3
463,CHEMBL3706947,COc1c(O)ccc2c1-c1ccc3c(c1/C(=C/c1cccc(OC(F)(F)F)c1)O2)C(C)=CC(C)(C)N3
464,CHEMBL3706944,COc1c(O)ccc2c1-c1ccc3c(c1/C(=C/c1cccc(C(F)(F)F)c1)O2)C(C)=CC(C)(C)N3
465,CHEMBL3706959,COc1c(O)ccc2c1-c1ccc3c(c1/C(=C/c1cccc(C(F)(F)F)c1C)O2)C(C)=CC(C)(C)N3
466,CHEMBL3706946,COc1c(O)ccc2c1-c1ccc3c(c1/C(=C/c1cccc(O)c1)O2)C(C)=CC(C)(C)N3
467,CHEMBL3706957,COc1ccc(/C=C2\Oc3ccc(O)c(OC)c3-c3ccc4c(c32)C(C)=CC(C)(C)N4)cc1
468,CHEMBL3706936,COc1c(O)ccc2c1-c1ccc3c(c1/C(=C/c1ccc(F)cc1C(=O)N(C)C)O2)C(C)=CC(C)(C)N3
469,CHEMBL3706951,COc1c(O)ccc2c1-c1ccc3c(c1/C(=C/c1ccc(Cl)cc1)O2)C(C)=CC(C)(C)N3
470,CHEMBL3706952,COc1c(O)ccc2c1-c1ccc3c(c1/C(=C/c1ccc(C)cc1)O2)C(C)=CC(C)(C)N3
471,CHEMBL3706953,CCc1ccc(/C=C2\Oc3ccc(O)c(OC)c3-c3ccc4c(c32)C(C)=CC(C)(C)N4)cc1
472,CHEMBL3706933,COc1c(O)ccc2c1-c1ccc3c(c1/C(=C/c1ccccc1Cl)O2)C(C)=CC(C)(C)N3
473,CHEMBL415524,CCc1ccccc1/C=C1\Oc2ccc(F)cc2-c2ccc3c(c21)C(C)=CC(C)(C)N3
474,CHEMBL3706937,CCN(CC)Cc1cc(F)ccc1/C=C1\Oc2ccc(O)c(OC)c2-c2ccc3c(c21)C(C)=CC(C)(C)N3
475,CHEMBL3706940,COc1c(O)ccc2c1-c1ccc3c(c1/C(=C/c1ccc(F)cc1CO)O2)C(C)=CC(C)(C)N3
476,CHEMBL335996,COc1ccccc1/C=C1\Oc2ccc(F)cc2-c2ccc3c(c21)C(C)=CC(C)(C)N3
477,CHEMBL3706958,COc1c(O)ccc2c1-c1ccc3c(c1/C(=C/c1ccc(OC(F)(F)F)cc1)O2)C(C)=CC(C)(C)N3
478,CHEMBL222515,CC#C[C@]1(O)CC[C@H]2[C@@H]3CCC4=CC(=O)CCC4=C3[C@@H](c3ccc(Oc4ccccc4)cc3)C[C@@]21C
479,CHEMBL3706938,COc1c(O)ccc2c1-c1ccc3c(c1/C(=C/c1ccc(F)cc1C(=O)N1CCCCC1)O2)C(C)=CC(C)(C)N3
480,CHEMBL3706939,COc1c(O)ccc2c1-c1ccc3c(c1/C(=C/c1ccc(F)cc1S(=O)(=O)N1CCCCC1)O2)C(C)=CC(C)(C)N3
481,CHEMBL395716,COCc1ccsc1/C=C1\Oc2ccc(O)c(OC)c2-c2ccc3c(c21)C(C)=CC(C)(C)N3
482,CHEMBL397920,CO/N=C(\C)c1ccsc1/C=C1\Oc2ccc(O)c(OC)c2-c2ccc3c(c21)C(C)=CC(C)(C)N3
483,CHEMBL394369,COc1c(O)ccc2c1-c1ccc3c(c1/C(=C/c1sccc1CO)O2)C(C)=CC(C)(C)N3
484,CHEMBL244535,COc1c(O)ccc2c1-c1ccc3c(c1/C(=C/c1sccc1C(C)=O)O2)C(C)=CC(C)(C)N3
485,CHEMBL244714,CCO/N=C(\C)c1ccsc1/C=C1\Oc2ccc(O)c(OC)c2-c2ccc3c(c21)C(C)=CC(C)(C)N3
486,CHEMBL395717,COc1c(O)ccc2c1-c1ccc3c(c1/C(=C/c1sccc1C#N)O2)C(C)=CC(C)(C)N3
487,CHEMBL429466,COc1c(O)ccc2c1-c1ccc3c(c1/C(=C/c1sccc1CNCC(F)(F)F)O2)C(C)=CC(C)(C)N3
488,CHEMBL243469,COc1c(O)ccc2c1-c1ccc3c(c1/C(=C/c1sccc1COCCO)O2)C(C)=CC(C)(C)N3
489,CHEMBL397919,COc1c(O)ccc2c1-c1ccc3c(c1/C(=C/c1sccc1/C(C)=N/O)O2)C(C)=CC(C)(C)N3
490,CHEMBL244715,COC(=O)c1ccsc1/C=C1\Oc2ccc(O)c(OC)c2-c2ccc3c(c21)C(C)=CC(C)(C)N3
491,CHEMBL3706961,COc1c(O)ccc2c1-c1ccc3c(c1/C(=C/c1oc(C)cc1C(=O)N(C)C)O2)C(C)=CC(C)(C)N3
492,CHEMBL428922,CC/C=C(\C)c1ccsc1/C=C1\Oc2ccc(O)c(OC)c2-c2ccc3c(c21)C(C)=CC(C)(C)N3
493,CHEMBL134277,CC1=CC(C)(C)Nc2ccc3c(c21)/C(=C/c1ccsc1)Oc1ccc(F)cc1-3
494,CHEMBL3582125,CC1(C)Nc2c(cc(-c3ccnc4ncccc34)c3c2CCC3)C(C)(C)C1=O
495,CHEMBL363151,CC#C[C@]1(O)CC[C@H]2[C@@H]3CCC4=CC(=O)CC[C@]4(Cc4ccc(C)cc4)C3=CC[C@@]21C
496,CHEMBL293388,COc1cccc2c1-c1ccc(NS(C)(=O)=O)cc1C(c1cccs1)O2
497,CHEMBL65498,COc1cccc2c1-c1ccc(NS(C)(=O)=O)cc1C(c1ccsc1)O2
498,CHEMBL3706960,COc1c(O)ccc2c1-c1ccc3c(c1/C(=C/c1cc(F)cc4c1OCOC4)O2)C(C)=CC(C)(C)N3
499,CHEMBL66582,COc1cccc2c1-c1ccc(NS(C)(=O)=O)cc1C(c1cccc(Oc3ccccc3)c1)O2
500,CHEMBL3706949,COc1c(O)ccc2c1-c1ccc3c(c1/C(=C/c1cccc(-c4ccsc4)c1)O2)C(C)=CC(C)(C)N3
501,CHEMBL4534324,CC#C[C@]1(O)CC[C@H]2[C@@H]3CCC4=CC(=O)CC[C@]4(C)[C@H]3[C@@H](OCc3ccc(Cl)cc3)C[C@@]21C
502,CHEMBL3706948,COc1c(O)ccc2c1-c1ccc3c(c1/C(=C/c1cccc(Oc4ccccc4)c1)O2)C(C)=CC(C)(C)N3
503,CHEMBL3605927,COc1cc(F)ccc1-c1c(Cc2ccccc2)[nH]c2c(NS(C)(=O)=O)cc(C(C)C)cc12
504,CHEMBL61,COc1cc([C@@H]2c3cc4c(cc3[C@H](O)[C@H]3COC(=O)[C@H]23)OCO4)cc(OC)c1OC
505,CHEMBL4527872,CN(C)c1ccc([C@H]2C[C@@]3(C)[C@@H](CC[C@@]3(O)C#CC3CC3)[C@@H]3CCC4=CC(=O)CC[C@]4(C)[C@H]32)cc1
506,CHEMBL428011,CN(C)c1ccc([C@H]2C[C@@]3(C)[C@@H](CC[C@@]3(O)C#CC3CC3)[C@@H]3OCC4=CC(=O)CCC4=C32)cc1
507,CHEMBL3421889,CC[C@@]12C[C@@](C)(O)[C@](O)(c3ccccc3)C[C@H]1C=Cc1cc(O)ccc12
508,CHEMBL3421871,CC[C@@]12C[C@@](C)(O)[C@](O)(c3ccccc3)C[C@H]1CCc1cc(O)ccc12
509,CHEMBL3421890,CC[C@@]12C[C@@](C)(O)[C@](O)(c3ccccc3)C[C@H]1C=C(C)c1cc(O)ccc12
510,CHEMBL3421872,CC[C@@]12C[C@](O)(CC)[C@](O)(c3ccccc3)C[C@H]1CCc1cc(O)ccc12
511,CHEMBL469944,CC[C@@]12C[C@H](O)[C@H](c3ccccc3)C[C@H]1CCc1cc(O)ccc12
512,CHEMBL3421875,CC[C@@]12C[C@@](C)(O)[C@](O)(c3ccc(C)cc3)C[C@H]1CCc1cc(O)ccc12
513,CHEMBL3421876,CC[C@@]12C[C@@](C)(O)[C@](O)(c3ccccn3)C[C@H]1CCc1cc(O)ccc12
514,CHEMBL3421887,CC[C@@]12C[C@@](C)(O)[C@](O)(c3ccccc3)C[C@H]1CC(=O)c1cc(O)ccc12
515,CHEMBL511812,CC[C@@]12C[C@H](O)[C@](O)(c3ccccc3)C[C@H]1CCc1cc(O)ccc12
516,CHEMBL470784,CC[C@@]12C[C@@H](O)[C@](O)(c3ccccc3)C[C@H]1CCc1cc(O)ccc12
517,CHEMBL3421873,C=C[C@@]1(O)C[C@@]2(CC)c3ccc(O)cc3CC[C@@H]2C[C@@]1(O)c1ccccc1
518,CHEMBL3421878,CC[C@@]12C[C@@](C)(O)[C@](O)(c3ccncc3)C[C@H]1CCc1cc(O)ccc12
519,CHEMBL462100,CC[C@@]12CC[C@](O)(c3ccccc3)C[C@H]1CCc1cc(O)ccc12
520,CHEMBL3421877,CC[C@@]12C[C@@](C)(O)[C@](O)(c3cccnc3)C[C@H]1CCc1cc(O)ccc12
521,CHEMBL3421874,CC[C@@]12C[C@](C)(O)[C@](O)(c3ccccc3)C[C@H]1CCc1cc(O)ccc12
522,CHEMBL3421888,CC[C@@]12C[C@@](C)(O)[C@](O)(c3ccccc3)C[C@H]1CC(O)c1cc(O)ccc12
523,CHEMBL395506,C=CCOC(C)C1=CC(C)(C)Nc2ccc(-c3cc(F)ccc3OC)cc21
524,CHEMBL541908,C=CCOC(C)C1=CC(C)(C)Nc2ccc(-c3cc(F)ccc3OC)cc21
525,CHEMBL1094209,OC(c1ccnc(Cl)c1)(c1ccc2c(cnn2-c2ccc(F)cc2)c1)C(F)(F)F
526,CHEMBL1094536,N#Cc1cc(C(O)(c2ccc3c(cnn3-c3ccc(F)cc3)c2)C(F)(F)F)ccc1F
527,CHEMBL1094207,OC(c1ccc2c(cnn2-c2ccc(F)cc2)c1)(c1ccccc1Cl)C(F)(F)F
528,CHEMBL1094231,OC(c1ccc(F)c(Cl)c1)(c1ccc2c(cnn2-c2ccc(F)cc2)c1)C(F)(F)F
529,CHEMBL1095228,Cc1cccc(C(O)(c2ccc3c(cnn3-c3ccc(F)cc3)c2)C(F)(F)F)c1
530,CHEMBL1096467,N#Cc1cc(C(O)(c2ccc3c(cnn3-c3ccc(F)cc3)c2)C(F)(F)F)ccc1F
531,CHEMBL1094206,OC(c1ccc2c(cnn2-c2ccc(F)cc2)c1)(c1ccccc1F)C(F)(F)F
532,CHEMBL1094514,Cc1cc(C(O)(c2ccc3c(cnn3-c3ccc(F)cc3)c2)C(F)(F)F)ccc1F
533,CHEMBL1094526,OC(c1cccc(Cl)c1)(c1ccc2c(cnn2-c2ccc(F)cc2)c1)C(F)(F)F
534,CHEMBL1095541,OC(c1ccc(F)cc1)(c1ccc2c(cnn2-c2ccc(F)cc2)c1)C(F)(F)F
535,CHEMBL1094208,OC(c1ccc2c(cnn2-c2ccc(F)cc2)c1)(c1cccc(Cl)c1Cl)C(F)(F)F
536,CHEMBL1094527,N#Cc1cccc(C(O)(c2ccc3c(cnn3-c3ccc(F)cc3)c2)C(F)(F)F)c1
537,CHEMBL1083487,CN(c1ccccc1)S(=O)(=O)c1ccc(-c2ccc3c(cnn3-c3ccc(F)cc3)c2)c(C(F)(F)F)c1
538,CHEMBL1084013,COc1cccc(S(=O)(=O)Nc2ccc(-c3ccc4c(cnn4-c4ccc(F)cc4)c3)c(C(F)(F)F)c2)c1
539,CHEMBL1086260,CC(C)N(c1ccccc1)S(=O)(=O)c1ccc(-c2ccc3c(cnn3-c3ccc(F)cc3)c2)c(C(F)(F)F)c1
540,CHEMBL1083783,O=S(=O)(Nc1ccc(-c2ccc3c(cnn3-c3ccc(F)cc3)c2)c(C(F)(F)F)c1)c1ccccc1
541,CHEMBL1086116,CCCN(c1ccccc1)S(=O)(=O)c1ccc(-c2ccc3c(cnn3-c3ccc(F)cc3)c2)c(C(F)(F)F)c1
542,CHEMBL1086115,CCN(c1ccccc1)S(=O)(=O)c1ccc(-c2ccc3c(cnn3-c3ccc(F)cc3)c2)c(C(F)(F)F)c1
543,CHEMBL1083149,O=S(=O)(Nc1ccccc1)c1ccc(-c2ccc3c(cnn3-c3ccc(F)cc3)c2)c(C(F)(F)F)c1
544,CHEMBL1086261,CCCCN(c1ccccc1)S(=O)(=O)c1ccc(-c2ccc3c(cnn3-c3ccc(F)cc3)c2)c(C(F)(F)F)c1
545,CHEMBL1085958,O=S(=O)(Nc1ccc(-c2ccc3c(cnn3-c3ccc(F)cc3)c2)c(C(F)(F)F)c1)c1cccc(OC(F)(F)F)c1
546,CHEMBL1083784,CC(C)(C)c1ccc(S(=O)(=O)Nc2ccc(-c3ccc4c(cnn4-c4ccc(F)cc4)c3)c(C(F)(F)F)c2)cc1
547,CHEMBL1084014,O=S(=O)(Nc1ccc(-c2ccc3c(cnn3-c3ccc(F)cc3)c2)c(C(F)(F)F)c1)c1cccc(C(F)(F)F)c1
548,CHEMBL1644760,Cc1cc(-c2cccc3cc[nH]c23)c(Cl)c2c1NC(C)(C)C(O)C2C
549,CHEMBL1682424,CCO/N=C/c1c(-c2cccc3cc[nH]c23)cc(C)c2c1[C@H](C)[C@@H](O)C(C)(C)N2
550,CHEMBL1682441,C[C@H]1c2c(cc(F)c(-c3cccc4cc[nH]c34)c2F)NC(C)(C)[C@@H]1O
551,CHEMBL1682432,Cc1c(F)c(-c2cccc3cc[nH]c23)cc2c1NC(C)(C)[C@H](O)[C@H]2C
552,CHEMBL1682423,CO/N=C/c1c(-c2cccc3cc[nH]c23)cc(C)c2c1[C@H](C)[C@@H](O)C(C)(C)N2
553,CHEMBL258193,Cc1cc(-c2cccc3[nH]ccc23)c(Cl)c2c1NC(C)(C)CC2C
554,CHEMBL1644756,C=CCC1(C)C(=O)C(C)(C)Nc2c(C)cc(-c3cccc4cc[nH]c34)c(Cl)c21
555,CHEMBL1762210,CCO/N=C1/c2c(cc(F)c(-c3cccc4c(C)c[nH]c34)c2F)NC(C)(C)C1O
556,CHEMBL403274,Cc1cc(-c2cc(F)cc3cc[nH]c23)c(Cl)c2c1NC(C)(C)CC2C
557,CHEMBL1760023,CO/N=C1/c2c(cc(F)c(-c3cccc4c(C)c[nH]c34)c2F)NC(C)(C)C1O
558,CHEMBL1762201,CC1(C)C/C(=N\OC(C)(C)C)c2c(cc(F)c(-c3cccc4cc[nH]c34)c2F)N1
559,CHEMBL1682438,C[C@H]1c2c(F)c(-c3cccc4cc[nH]c34)c(F)c(F)c2NC(C)(C)[C@@H]1O
560,CHEMBL1682439,C[C@H]1c2c(F)c(-c3cccc4cc[nH]c34)c(F)c(Cl)c2NC(C)(C)[C@@H]1O
561,CHEMBL1762203,CC1(C)C/C(=N\OC(C)(C)C)c2c(cc(F)c(-c3cccc4c(Cl)c[nH]c34)c2F)N1
562,CHEMBL1682420,Cc1cc(-c2cccc3cc[nH]c23)c(C)c2c1NC(C)(C)[C@H](O)[C@H]2C
563,CHEMBL1644755,Cc1cc(-c2cccc3cc[nH]c23)c(Cl)c2c1NC(C)(C)C(=O)C2(C)C
564,CHEMBL1762204,Cc1c[nH]c2c(-c3c(F)cc4c(c3F)/C(=N/OC(C)C)CC(C)(C)N4)cccc12
565,CHEMBL257152,Cc1cc(-c2ccc(F)c3cc[nH]c23)c(Cl)c2c1NC(C)(C)CC2C
566,CHEMBL256787,Cc1cc(-c2cccc3c(C)c[nH]c23)c(Cl)c2c1NC(C)(C)CC2C
567,CHEMBL1682429,Cc1cc(-c2cccc3cc[nH]c23)c(C#N)c2c1NC(C)(C)[C@H](O)[C@H]2C
568,CHEMBL1682425,Cc1cc(-c2cccc3cc[nH]c23)c(/C=N/OC(C)(C)C)c2c1NC(C)(C)[C@H](O)[C@H]2C
569,CHEMBL1762202,Cc1c[nH]c2c(-c3c(F)cc4c(c3F)/C(=N/OC(C)(C)C)CC(C)(C)N4)cccc12
570,CHEMBL1682419,Cc1cc(-c2cccc3cc[nH]c23)c(F)c2c1NC(C)(C)[C@H](O)[C@H]2C
571,CHEMBL1682428,Cc1cc(-c2cccc3cc[nH]c23)c(/C=C/C#N)c2c1NC(C)(C)[C@H](O)[C@H]2C
572,CHEMBL1762200,CCO/N=C1\CC(C)(C)Nc2cc(F)c(-c3cccc4cc[nH]c34)c(F)c21
573,CHEMBL1682437,C[C@H]1c2cc(-c3cccc4cc[nH]c34)c(F)c(F)c2NC(C)(C)[C@@H]1O
574,CHEMBL1682430,CC(=O)/C=C/c1c(-c2cccc3cc[nH]c23)cc(C)c2c1[C@H](C)[C@@H](O)C(C)(C)N2
575,CHEMBL1684230,CNC(=O)O[C@@H]1[C@@H](C)c2c(cc(F)c(-c3cccc4cc[nH]c34)c2F)NC1(C)C
576,CHEMBL1682422,Cc1cc(-c2cccc3cc[nH]c23)c(/C=N/O)c2c1NC(C)(C)[C@H](O)[C@H]2C
577,CHEMBL429842,Cc1cc(-c2cc(F)c(F)c3cc[nH]c23)c(Cl)c2c1NC(C)(C)CC2C
578,CHEMBL404879,Cc1cc(-c2ccc(Cl)c3cc[nH]c23)c(Cl)c2c1NC(C)(C)CC2C
579,CHEMBL258191,Cc1cc(-c2cccc3cc[nH]c23)c(Cl)c2c1NC(C)(C)CC2C
580,CHEMBL1762209,Cc1c[nH]c2c(-c3c(F)cc4c(c3F)/C(=N/OC(C)(C)CO)CC(C)(C)N4)cccc12
581,CHEMBL1644754,Cc1cc(-c2cccc3cc[nH]c23)c(Cl)c2c1NC(C)(C)C(=O)C2C
582,CHEMBL1682435,C=Cc1c(-c2cccc3cc[nH]c23)cc2c(c1C)NC(C)(C)[C@H](O)[C@H]2C
583,CHEMBL1644761,Cc1cc(-c2cccc3cc[nH]c23)c(Cl)c2c1NC(C)(C)C(O)C2(C)C
584,CHEMBL1762211,CO/N=C1/c2c(cc(F)c(-c3cccc4c(Cl)c[nH]c34)c2F)NC(C)(C)C1O
585,CHEMBL1682421,CCc1c(-c2cccc3cc[nH]c23)cc(C)c2c1[C@H](C)[C@@H](O)C(C)(C)N2
586,CHEMBL1644759,Cc1cc(-c2cccc3cc[nH]c23)c(Cl)c2c1NC(C)(C)[C@H](O)[C@H]2C
587,CHEMBL1684343,CC(C)NC(=O)O[C@@H]1[C@@H](C)c2c(cc(F)c(-c3cccc4c(Cl)c[nH]c34)c2F)NC1(C)C
588,CHEMBL1682436,C[C@H]1c2c(Cl)c(-c3cccc4cc[nH]c34)cc(F)c2NC(C)(C)[C@@H]1O
589,CHEMBL1644757,CC(C)=CCC1(C)C(=O)C(C)(C)Nc2c(C)cc(-c3cccc4cc[nH]c34)c(Cl)c21
590,CHEMBL1682431,Cc1c(Cl)c(-c2cccc3cc[nH]c23)cc2c1NC(C)(C)[C@H](O)[C@H]2C
591,CHEMBL1682418,Cc1cc(-c2cccc3cc[nH]c23)cc2c1NC(C)(C)[C@H](O)[C@H]2C
592,CHEMBL1762207,COC(=O)C(C)(C)O/N=C1\CC(C)(C)Nc2cc(F)c(-c3cccc4c(C)c[nH]c34)c(F)c21
593,CHEMBL1644765,Cc1cc(-c2cccc3cc[nH]c23)c(Cl)c2c1NC(C)(C)[C@@H](O)[C@H]2C
594,CHEMBL253745,COc1ccc2cc[nH]c2c1-c1cc(C)c2c(c1Cl)C(C)CC(C)(C)N2
595,CHEMBL1762199,CO/N=C1\CC(C)(C)Nc2cc(F)c(-c3cccc4cc[nH]c34)c(F)c21
596,CHEMBL1682433,Cc1c(-c2cccc3cc[nH]c23)cc2c(c1C)NC(C)(C)[C@H](O)[C@H]2C
597,CHEMBL1684341,CNC(=O)O[C@@H]1[C@@H](C)c2c(cc(F)c(-c3cccc4c(Cl)c[nH]c34)c2F)NC1(C)C
598,CHEMBL438885,Cc1cc(-c2cc(Cl)cc3cc[nH]c23)c(Cl)c2c1NC(C)(C)CC2C
599,CHEMBL404640,COc1ccc(-c2cc(C)c3c(c2Cl)C(C)CC(C)(C)N3)c2[nH]ccc12
600,CHEMBL427899,Cc1cc(-c2cccc3ccn(C)c23)c(Cl)c2c1NC(C)(C)CC2C
601,CHEMBL3911831,CSc1ccc([C@@H](Oc2ccc3c(cnn3-c3ccc(F)cc3)c2)[C@H](C)NC(=O)C(F)(F)F)cc1
602,CHEMBL4072756,COc1cccc([C@@H](Oc2ccc3c(cnn3-c3ccc(F)cc3)c2)[C@H](C)NC(=O)C(F)(F)F)c1
603,CHEMBL3920760,CCc1ccc([C@@H](Oc2ccc3c(cnn3-c3ccc(F)cc3)c2)[C@H](C)NC(=O)C(C)(C)C)cc1
604,CHEMBL3901719,COc1cccc([C@@H](Oc2ccc3c(cnn3-c3ccc(F)cc3)c2)[C@H](C)NC(=O)C(C)(C)C)c1
605,CHEMBL3892759,CCc1ccc([C@@H](Oc2ccc3c(cnn3-c3ccc(F)cc3)c2)[C@H](C)NC(=O)CO)cc1
606,CHEMBL3935790,COc1ccc([C@@H](Oc2ccc3c(cnn3-c3ccc(F)cc3)c2)[C@H](C)NC(=O)C(C)(C)C)cc1
607,CHEMBL3970276,C[C@H](NC(=O)C(C)(C)C)[C@H](Oc1ccc2c(cnn2-c2ccc(F)cc2)c1)c1ccccc1
608,CHEMBL4210441,C[C@H](NC(=O)C(C)(F)F)[C@H](Oc1ccc2c(cnn2-c2ccc(=O)n(C)c2)c1)c1ccccc1
609,CHEMBL4758563,Cc1ccc([C@@H](Oc2ccc3c(cnn3-c3ccc(F)cc3)c2)[C@H](C)NC(=O)C(F)(F)F)cc1
610,CHEMBL4215390,CCn1cc(-n2ncc3cc(O[C@H](c4ccccc4)[C@H](C)NC(=O)C(C)(F)F)ccc32)ccc1=O
611,CHEMBL4211898,CC(C)[C@H](NC(=O)C(C)(F)F)[C@H](Oc1ccc2c(cnn2-c2ccc(=O)n(C)c2)c1)c1cccc(Cl)c1
612,CHEMBL3915997,C[C@H](NC(=O)C(F)(F)F)[C@H](Oc1ccc2c(cnn2-c2ccc(F)cc2)c1)c1ccccc1
613,CHEMBL3932081,CC(C)S(=O)(=O)N[C@@H](C)[C@H](Oc1ccc2c(cnn2-c2ccc(F)cc2)c1)c1ccccc1
614,CHEMBL3964502,C[C@H](NC(=O)CO)[C@H](Oc1ccc2c(cnn2-c2ccc(F)cc2)c1)c1ccc(S(C)(=O)=O)cc1
615,CHEMBL4208652,CC(C)[C@H](NC(=O)C(F)(F)F)[C@H](Oc1ccc2c(cnn2-c2ccc(=O)n(C)c2)c1)c1cccc(Cl)c1
616,CHEMBL3934504,CC(=O)N[C@@H](C)[C@H](Oc1ccc2c(cnn2-c2ccc(F)cc2)c1)c1ccccc1
617,CHEMBL4207852,CC(C)[C@H](NC(=O)C(C)(F)F)[C@H](Oc1ccc2c(cnn2-c2ccc(=O)n(C)c2)c1)c1ccccc1
618,CHEMBL4203199,CCCn1cc(-n2ncc3cc(O[C@H](c4ccccc4)[C@H](C)NC(=O)C(C)(F)F)ccc32)ccc1=O
619,CHEMBL4207016,CC(C)[C@H](NC(=O)C(C)(F)F)[C@H](Oc1ccc2c(cnn2-c2ccc(=O)n(C)c2)c1)c1cc(F)cc(F)c1
620,CHEMBL3907432,COCCC(=O)N[C@@H](C)[C@H](Oc1ccc2c(cnn2-c2ccc(F)cc2)c1)c1ccccc1
621,CHEMBL4209216,CC(C)[C@H](NC(=O)C(C)(F)F)[C@H](Oc1ccc2c(cnn2-c2cc(F)c(=O)n(C)c2)c1)c1ccccc1
622,CHEMBL4217070,CC(C)[C@H](NC(=O)C(C)(F)F)[C@H](Oc1ccc2c(cnn2-c2cccn(C)c2=O)c1)c1ccccc1
623,CHEMBL3970640,CCC(C)S(=O)(=O)N[C@@H](C)[C@H](Oc1ccc2c(cnn2-c2ccc(F)cc2)c1)c1ccccc1
624,CHEMBL4203918,COc1ccc([C@@H](Oc2ccc3c(cnn3-c3ccc(F)cc3)c2)[C@@H](NC(=O)C(C)(F)F)OC(C)(C)C)cn1
625,CHEMBL4214133,CC(C)[C@H](NC(=O)C(C)(F)F)[C@H](Oc1ccc2c(cnn2-c2cc(C#N)c(=O)n(C)c2)c1)c1ccccc1
626,CHEMBL3923131,C[C@H](NS(C)(=O)=O)[C@H](Oc1ccc2c(cnn2-c2ccc(F)cc2)c1)c1ccccc1
627,CHEMBL4099639,C[C@H](NC(=O)C(F)(F)F)[C@H](Oc1ccc2c(cnn2-c2ccc(F)cc2)c1)c1cccc(O)c1
628,CHEMBL4207537,CC(O)n1cc(-n2ncc3cc(O[C@H](c4ccccc4)[C@H](C)NC(=O)C(C)(F)F)ccc32)ccc1=O
629,CHEMBL3933196,CCCS(=O)(=O)N[C@@H](C)[C@H](Oc1ccc2c(cnn2-c2ccc(F)cc2)c1)c1ccccc1
630,CHEMBL4213191,CC(C)[C@H](NC(=O)C(C)(F)F)[C@H](Oc1ccc2c(cnn2-c2ccc(F)cc2)c1)c1ccccc1
631,CHEMBL4208262,CC(C)[C@H](NC(=O)C(F)(F)F)[C@H](Oc1ccc2c(cnn2-c2ccc(F)cc2)c1)c1ccccc1
632,CHEMBL4208798,COc1ccc([C@@H](Oc2ccc3c(cnn3-c3ccc(F)cc3)c2)[C@@H](NC(=O)C(C)(F)F)C(C)C)cn1
633,CHEMBL3959591,C[C@H](NS(=O)(=O)C(F)(F)F)[C@H](Oc1ccc2c(cnn2-c2ccc(F)cc2)c1)c1ccccc1
634,CHEMBL3963259,CC(C)CS(=O)(=O)N[C@@H](C)[C@H](Oc1ccc2c(cnn2-c2ccc(F)cc2)c1)c1ccccc1
635,CHEMBL4202965,CC(C)[C@H](NC(=O)C(C)(F)F)[C@H](Oc1ccc2c(cnn2-c2cnc(=O)n(C)c2)c1)c1ccccc1
636,CHEMBL4210967,COc1ccc(-n2ncc3cc(O[C@H](c4ccccc4)[C@@H](NC(=O)C(C)(F)F)C(C)C)ccc32)cn1
637,CHEMBL3906238,CCCCCS(=O)(=O)N[C@@H](C)[C@H](Oc1ccc2c(cnn2-c2ccc(F)cc2)c1)c1ccccc1
638,CHEMBL196232,C[C@]12Cc3cnn(-c4ccc(F)cc4)c3C=C1CC[C@]21OC[C@@H](c2ccccc2)O1
639,CHEMBL365821,C[C@]12Cc3cnn(-c4ccc(F)cc4)c3C=C1CC[C@]21OC[C@H](c2ccccc2)O1
640,CHEMBL195524,C[C@]12Cc3cnn(-c4ccc(F)cc4)c3C=C1CC[C@@]21OC[C@@H](c2ccccc2)O1
641,CHEMBL194114,C[C@]12Cc3cnn(-c4ccc(F)cc4)c3C=C1CC[C@@]21OC[C@H](c2ccccc2)O1
642,CHEMBL234988,Nc1c(C(=O)NCC(O)(CC2(c3cc(F)ccc3Cl)CCC2)C(F)(F)F)cnn1-c1ccccc1
643,CHEMBL312041,CC(C)(O)[C@H]1CCCC2=Cc3c(cnn3-c3ccc(F)cc3)C[C@@]21C
644,CHEMBL309243,C=CC[C@H](O)[C@H]1CCCC2=Cc3c(cnn3-c3ccc(F)cc3)C[C@@]21C
645,CHEMBL79335,C=CCC[C@H](O)[C@H]1CCCC2=Cc3c(cnn3-c3ccc(F)cc3)C[C@@]21C
646,CHEMBL420767,C[C@H](O)[C@H]1CCCC2=Cc3c(cnn3-c3ccc(F)cc3)C[C@@]21C
647,CHEMBL312627,CC(C)(C)[C@H](O)[C@H]1CCCC2=Cc3c(cnn3-c3ccc(F)cc3)C[C@@]21C
648,CHEMBL1668084,CCCS(=O)(=O)N[C@@H](C)CNc1cc(C)cc2c1cnn2-c1cccc(C(=O)NC(C)C)c1
649,CHEMBL3605929,COc1cc(F)ccc1-c1c(C)[nH]c2c(NS(C)(=O)=O)cc(F)cc12
650,CHEMBL1668085,Cc1cc(NC[C@H](C)NS(=O)(=O)C(C)C)c2cnn(-c3cccc(C(=O)NC(C)C)c3)c2c1
651,CHEMBL313062,COc1cc([C@H](O)[C@H]2CCCC3=Cc4c(cnn4-c4ccc(F)cc4)C[C@@]32C)cc(F)c1F
652,CHEMBL79807,C[C@]12Cc3cnn(-c4ccc(F)cc4)c3C=C1CCC[C@@H]2[C@@H](O)c1ccc(F)cc1
653,CHEMBL83110,Cc1cc([C@H](O)[C@H]2CCCC3=Cc4c(cnn4-c4ccc(F)cc4)C[C@@]32C)ccc1F
654,CHEMBL310365,C[C@]12Cc3cnn(-c4ccc(F)cc4)c3C=C1CCC[C@@H]2[C@@H](O)c1ccccc1F
655,CHEMBL313400,COc1cc([C@H](O)[C@H]2CCCC3=Cc4c(cnn4-c4ccc(F)cc4)C[C@@]32C)ccc1F
656,CHEMBL81591,C[C@]12Cc3cnn(-c4ccc(F)cc4)c3C=C1CCC[C@@H]2[C@@H](O)c1ccccc1
657,CHEMBL81111,C[C@]12Cc3cnn(-c4ccc(F)cc4)c3C=C1CCC[C@@H]2[C@@H](O)c1ccc(Cl)cc1
658,CHEMBL364015,C[C@]12Cc3cnn(-c4ccc(F)cc4)c3C=C1CCC[C@@H]2[C@H](O)c1ccc(F)nc1
659,CHEMBL81397,C[C@]12Cc3cnn(-c4ccc(F)cc4)c3C=C1CCC[C@@H]2[C@@H](O)c1ccc(O)cc1
660,CHEMBL362914,C[C@]12Cc3cnn(-c4ccc(F)cc4)c3C=C1CCC[C@@H]2[C@@H](O)c1ccc(F)nc1
661,CHEMBL311034,C[C@]12Cc3cnn(-c4ccc(F)cc4)c3C=C1CCC[C@@H]2[C@H](O)c1ccc(F)cc1
662,CHEMBL311662,C[C@]12Cc3cnn(-c4ccc(F)cc4)c3C=C1CCC[C@@H]2[C@](C)(O)c1ccc(F)cc1
663,CHEMBL365818,C[C@]12Cc3cnn(-c4ccc(F)cc4)c3C=C1CCC[C@@H]2[C@@H](O)c1ccncc1
664,CHEMBL309909,C[C@]12Cc3cnn(-c4ccc(F)cc4)c3C=C1CCC[C@@H]2[C@@H](O)c1cccc(O)c1
665,CHEMBL3666807,C[C@H](NC(=O)C(C)(F)F)[C@H](Oc1ccc2c(cnn2-c2cccc(C(=O)N[C@@H]3CCOC3)c2)c1)c1ccc2c(c1)OCCO2
666,CHEMBL3666811,C[C@H](NC(=O)C(C)(F)F)[C@H](Oc1ccc2c(cnn2-c2cccc(C(=O)N[C@@H]3CCC[C@@H]3O)c2)c1)c1ccc2c(c1)OCCO2
667,CHEMBL3666819,C[C@H](NC(=O)C(C)(F)F)[C@H](Oc1ccc2c(cnn2-c2cccc(C(=O)NC3CCS(=O)(=O)C3)c2)c1)c1ccc2c(c1)OCCO2
668,CHEMBL3666809,C[C@H](NC(=O)C(C)(F)F)[C@H](Oc1ccc2c(cnn2-c2cccc(C(=O)NC3CCCC3)c2)c1)c1ccc2c(c1)OCOC2
669,CHEMBL3666806,C[C@H](NC(=O)C(C)(F)F)[C@H](Oc1ccc2c(cnn2-c2cccc(C(=O)N[C@H]3CCOC3)c2)c1)c1ccc2c(c1)OCCO2
670,CHEMBL3666810,C[C@H](NC(=O)C(C)(F)F)[C@H](Oc1ccc2c(cnn2-c2cccc(C(=O)N[C@H]3CCOC3)c2)c1)c1ccc2c(c1)OCOC2
671,CHEMBL3666808,C[C@H](NC(=O)C(C)(F)F)[C@H](Oc1ccc2c(cnn2-c2cccc(C(=O)NC3CCCC3)c2)c1)c1ccc2c(c1)OCCO2
672,CHEMBL3666804,C[C@H](NC(=O)C(C)(F)F)[C@H](Oc1ccc2c(cnn2-c2cccc(C(=O)N[C@H]3CCS(=O)(=O)C3)c2)c1)c1ccc2c(c1)OCCO2
673,CHEMBL3666805,C[C@H](NC(=O)C(C)(F)F)[C@H](Oc1ccc2c(cnn2-c2cccc(C(=O)N[C@@H]3CCS(=O)(=O)C3)c2)c1)c1ccc2c(c1)OCCO2
674,CHEMBL3666815,C[C@H](NC(=O)C(C)(F)F)[C@H](Oc1ccc2c(cnn2-c2cccc(C(=O)N[C@@H]3CCC[C@@H]3O)c2)c1)c1ccc2c(c1)OCOC2
675,CHEMBL3666820,C[C@H](NC(=O)C(C)(F)F)[C@H](Oc1ccc2c(cnn2-c2cccc(C(=O)N[C@@H]3CCOC3=O)c2)c1)c1ccc2c(c1)OCCO2
676,CHEMBL3666818,C[C@H](NC(=O)C(C)(F)F)[C@H](Oc1ccc2c(cnn2-c2cccc(C(=O)N[C@H]3CCC[C@@H]3O)c2)c1)c1ccc2c(c1)OCOC2
677,CHEMBL3666816,C[C@H](NC(=O)C(C)(F)F)[C@H](Oc1ccc2c(cnn2-c2cccc(C(=O)N[C@H]3CC[S+]([O-])C3)c2)c1)c1ccc2c(c1)OCOC2
678,CHEMBL4077898,C[C@H](NC(=O)C(C)(F)F)[C@@H](Oc1ccc2c(cnn2-c2cccc(C(=O)N[C@@H]3CCOC3)c2)c1)c1ccc2c(c1)OCCO2
679,CHEMBL4074521,C[C@H](NC(=O)C(C)(F)F)[C@@H](Oc1ccc2c(cnn2-c2cccc(C(=O)N[C@H]3CCOC3)c2)c1)c1ccc2c(c1)OCCO2
680,CHEMBL310570,C[C@]12Cc3cnn(-c4ccc(F)cc4)c3C=C1CCC[C@@H]2[C@](C)(O)c1ccsc1
681,CHEMBL371376,C[C@]12Cc3cnn(-c4ccc(F)cc4)c3C=C1CCC[C@@H]2[C@@H](O)c1ccoc1
682,CHEMBL196347,C[C@]12Cc3cnn(-c4ccc(F)cc4)c3C=C1CCC[C@@H]2[C@@H](O)c1cccs1
683,CHEMBL193404,C[C@]12Cc3cnn(-c4ccc(F)cc4)c3C=C1CCC[C@@H]2[C@@H](O)c1ccc(Cl)s1
684,CHEMBL194077,C[C@]12Cc3cnn(-c4ccc(F)cc4)c3C=C1CCC[C@@H]2[C@@H](O)c1cc(Cl)sc1Cl
685,CHEMBL195990,C[C@]12Cc3cnn(-c4ccc(F)cc4)c3C=C1CCC21O[C@H](c2ccccc2)[C@@H](c2ccccc2)O1
686,CHEMBL4104286,C[C@H](NC(=O)C(C)(F)F)[C@H](Oc1ccc2c(cnn2-c2ccc(F)cc2)c1)c1ccc2c(c1)OCCO2
687,CHEMBL4061359,C[C@H](NC(=O)C(F)(F)F)[C@H](Oc1ccc2c(cnn2-c2ccc(F)cc2)c1)c1ccc2c(c1)OCCO2
688,CHEMBL3973775,C[C@H](NC(=O)C(F)(F)F)[C@H](Oc1ccc2c(cnn2-c2ccc(F)cc2)c1)c1cnc2ccccc2c1
689,CHEMBL4094154,C[C@H](NC(=O)C(C)(F)F)[C@H](Oc1ccc2c(cnn2-c2ccc(F)cc2)c1)c1ccc2c(c1)OCOC2
690,CHEMBL4066614,C[C@H](NC(=O)C(C)(F)F)[C@H](Oc1ccc2c(cnn2-c2ccc(F)cc2)c1)c1ccc2c(c1)COCO2
691,CHEMBL3666812,CC[C@@H](O)CNC(=O)c1cccc(-n2ncc3cc(O[C@H](c4ccc5c(c4)OCOC5)[C@H](C)NC(=O)C(C)(F)F)ccc32)c1
692,CHEMBL3902818,C[C@H](NC(=O)C(F)(F)F)[C@H](Oc1ccc2c(cnn2-c2ccc(F)cc2)c1)c1ccc2ccccc2c1
693,CHEMBL3358935,COc1ccc(F)cc1C(C)(C)CC(O)(Cc1cc2cc(N3CCOCC3)ncc2[nH]1)C(F)(F)F
694,CHEMBL3358929,Cc1ccc(F)cc1C(C)(C)CC(O)(Cc1cc2cc(N3CCOCC3)ncc2[nH]1)C(F)(F)F
695,CHEMBL3126952,Cc1ccc(F)cc1C(C)(C)CC(O)(Cc1cc2cc(-c3ccccc3)nnc2[nH]1)C(F)(F)F
696,CHEMBL3126935,Cc1ccc(F)cc1C(C)(C)CC(O)(Cc1cc2nc(-c3ccccc3)ncc2[nH]1)C(F)(F)F
697,CHEMBL3358932,CC(C)(CC(O)(Cc1cc2cc(N3CCOCC3)ncc2[nH]1)C(F)(F)F)c1ccccc1
698,CHEMBL3358933,CC(C)(CC(O)(Cc1cc2cc(N3CCOCC3)ncc2[nH]1)C(F)(F)F)c1cccc(F)c1
699,CHEMBL3358937,CC(C)(CC(O)(Cc1cc2cc(N3CCOCC3)ncc2[nH]1)C(F)(F)F)c1ccccc1S(C)(=O)=O
700,CHEMBL3126933,Cc1ccc(F)cc1C(C)(C)CC(O)(Cc1cc2nc(-c3ccccc3)cnc2[nH]1)C(F)(F)F
701,CHEMBL3126936,Cc1ccc(F)cc1C(C)(C)CC(O)(Cc1cc2nc(-c3cccnc3)ncc2[nH]1)C(F)(F)F
702,CHEMBL3358934,CC(C)(CC(O)(Cc1cc2cc(N3CCOCC3)ncc2[nH]1)C(F)(F)F)c1ccc(F)cc1
703,CHEMBL3126938,Cc1ccc(F)cc1C(C)(C)CC(O)(Cc1cc2nc(N3CCOCC3)ncc2[nH]1)C(F)(F)F
704,CHEMBL3126939,Cc1ccc(F)cc1C(C)(C)CC(O)(Cc1cc2nc(N3CCS(=O)(=O)CC3)ncc2[nH]1)C(F)(F)F
705,CHEMBL3352882,CC(C)(CC(O)(Cc1cc2cc(N3CCOCC3)ncc2[nH]1)C(F)(F)F)c1ccccc1C(N)=O
706,CHEMBL3358938,CC(C)(CC(O)(Cc1cc2cc(N3CCOCC3)ncc2[nH]1)C(F)(F)F)c1ccccc1S(N)(=O)=O
707,CHEMBL3358936,CC(C)(CC(O)(Cc1cc2cc(N3CCOCC3)ncc2[nH]1)C(F)(F)F)c1cccc(O)c1
708,CHEMBL3358925,Cc1ccc(F)cc1C(C)(C)CC(O)(Cc1cc2cc(-c3ccccc3)ncc2[nH]1)C(F)(F)F
709,CHEMBL3358939,CC(C)(CC(O)(Cc1cc2cc(N3CCOCC3)ncc2[nH]1)C(F)(F)F)c1cccc(C(N)=O)c1
710,CHEMBL3358940,CC(C)(CC(O)(Cc1cc2cc(N3CCOCC3)ncc2[nH]1)C(F)(F)F)c1cccc(S(C)(=O)=O)c1
711,CHEMBL4086388,C[C@H](NC(=O)C(C)(F)F)[C@H](Oc1ccc2c(cnn2-c2ccc(F)cc2)c1)c1ccc2c(c1)OCC2
712,CHEMBL444286,C/C=C/[C@H]1OC2(CCC3=Cc4c(cnn4-c4ccc(F)cc4)C[C@@]32C)O[C@@H]1/C=C/C
713,CHEMBL194059,C=C[C@H]1CO[C@]2(CCC3=Cc4c(cnn4-c4ccc(F)cc4)C[C@@]32C)O1
714,CHEMBL194013,C=C[C@@H]1CO[C@]2(CCC3=Cc4c(cnn4-c4ccc(F)cc4)C[C@@]32C)O1
715,CHEMBL370194,CC[C@H]1OC2(CCC3=Cc4c(cnn4-c4ccc(F)cc4)C[C@@]32C)O[C@@H]1CC
716,CHEMBL195723,C=C[C@H]1OC2(CCC3=Cc4c(cnn4-c4ccc(F)cc4)C[C@@]32C)O[C@@H]1C=C
717,CHEMBL194012,C[C@H]1OC2(CCC3=Cc4c(cnn4-c4ccc(F)cc4)C[C@@]32C)O[C@@H]1C
718,CHEMBL193703,COC[C@H]1OC2(CCC3=Cc4c(cnn4-c4ccc(F)cc4)C[C@@]32C)O[C@@H]1COC
719,CHEMBL193704,C=C[C@@H]1CO[C@@]2(CCC3=Cc4c(cnn4-c4ccc(F)cc4)C[C@@]32C)O1
720,CHEMBL364031,C=C[C@H]1CO[C@@]2(CCC3=Cc4c(cnn4-c4ccc(F)cc4)C[C@@]32C)O1
721,CHEMBL371311,C[C@]12Cc3cnn(-c4ccc(F)cc4)c3C=C1CCC21OCCO1
722,CHEMBL193798,C[C@]12Cc3cnn(-c4ccc(F)cc4)c3C=C1CCCC21O[C@H](c2ccccc2)[C@@H](c2ccccc2)O1
723,CHEMBL1086484,O=S(=O)(Cc1ccccc1)Nc1ccc(-c2ccc3c(cnn3-c3ccc(F)cc3)c2)c(C(F)(F)F)c1
724,CHEMBL4534388,O[C@@]1(Cc2ccccc2)CCCCC[C@@]12C=Cc1c(cnn1-c1ccc(F)cc1)C2
725,CHEMBL382102,C=C[C@H]1OC2(CCCC3=Cc4c(cnn4-c4ccc(F)cc4)C[C@@]32C)O[C@@H]1C=C
726,CHEMBL196185,C/C=C/[C@H]1OC2(CCCC3=Cc4c(cnn4-c4ccc(F)cc4)C[C@@]32C)O[C@@H]1/C=C/C
727,CHEMBL197312,CC[C@H]1OC2(CCCC3=Cc4c(cnn4-c4ccc(F)cc4)C[C@@]32C)O[C@@H]1CC
728,CHEMBL193760,CCC[C@H]1OC2(CCCC3=Cc4c(cnn4-c4ccc(F)cc4)C[C@@]32C)O[C@@H]1CCC
729,CHEMBL371988,C[C@H]1OC2(CCCC3=Cc4c(cnn4-c4ccc(F)cc4)C[C@@]32C)O[C@@H]1C
730,CHEMBL196509,C[C@]12Cc3cnn(-c4ccc(F)cc4)c3C=C1CCCC21OCCO1
731,CHEMBL196975,CCCC[C@H]1OC2(CCCC3=Cc4c(cnn4-c4ccc(F)cc4)C[C@@]32C)O[C@@H]1CCCC
732,CHEMBL195967,C[C@@H]1CC(C)(C)O[C@@]2(CCC3=Cc4c(cnn4-c4ccc(F)cc4)C[C@@]32C)O1
733,CHEMBL195654,C[C@@H]1CC(C)(C)O[C@]2(CCC3=Cc4c(cnn4-c4ccc(F)cc4)C[C@@]32C)O1
734,CHEMBL362988,C[C@@H]1C[C@H](C)O[C@@]2(CCC3=Cc4c(cnn4-c4ccc(F)cc4)C[C@@]32C)O1
735,CHEMBL434183,C[C@H]1C[C@H](C)OC2(CCC3=Cc4c(cnn4-c4ccc(F)cc4)C[C@@]32C)O1
736,CHEMBL365546,C[C@@H]1C[C@@H](C)OC2(CCC3=Cc4c(cnn4-c4ccc(F)cc4)C[C@@]32C)O1
737,CHEMBL380790,C[C@@H]1CCO[C@@]2(CCC3=Cc4c(cnn4-c4ccc(F)cc4)C[C@@]32C)O1
738,CHEMBL193986,C[C@H]1CCO[C@]2(CCC3=Cc4c(cnn4-c4ccc(F)cc4)C[C@@]32C)O1
739,CHEMBL364511,CC1(C)COC2(CCC3=Cc4c(cnn4-c4ccc(F)cc4)C[C@@]32C)OC1
740,CHEMBL4467278,O[C@@]1(c2ccccc2)CCCCC[C@@]12C=Cc1c(cnn1-c1ccc(F)cc1)C2
741,CHEMBL4438320,O[C@]1(c2ccccc2)CCCCC[C@@]12C=Cc1c(cnn1-c1ccc(F)cc1)C2
742,CHEMBL4214847,C[C@H](NC(=O)C(C)(F)F)[C@H](Oc1ccc2c(cnn2-c2ccc(=O)n(C3CC3)c2)c1)c1ccccc1
743,CHEMBL1084360,CS(=O)(=O)Nc1ccc(-c2ccc3c(cnn3-c3ccc(F)cc3)c2)c(C(F)(F)F)c1
744,CHEMBL1085625,CCS(=O)(=O)Nc1ccc(-c2ccc3c(cnn3-c3ccc(F)cc3)c2)c(C(F)(F)F)c1
745,CHEMBL1082837,CC(C)NS(=O)(=O)c1ccc(-c2ccc3c(cnn3-c3ccc(F)cc3)c2)c(C(F)(F)F)c1
746,CHEMBL1083709,CC(C)S(=O)(=O)Nc1ccc(-c2ccc3c(cnn3-c3ccc(F)cc3)c2)c(C(F)(F)F)c1
747,CHEMBL1084632,CCCS(=O)(=O)Nc1ccc(-c2ccc3c(cnn3-c3ccc(F)cc3)c2)c(C(F)(F)F)c1
748,CHEMBL1086086,O=S(=O)(NCCO)c1ccc(-c2ccc3c(cnn3-c3ccc(F)cc3)c2)c(C(F)(F)F)c1
749,CHEMBL1085853,CCNS(=O)(=O)c1ccc(-c2ccc3c(cnn3-c3ccc(F)cc3)c2)c(C(F)(F)F)c1
750,CHEMBL1085380,CCCNS(=O)(=O)c1ccc(-c2ccc3c(cnn3-c3ccc(F)cc3)c2)c(C(F)(F)F)c1
751,CHEMBL1085381,CC(C)CNS(=O)(=O)c1ccc(-c2ccc3c(cnn3-c3ccc(F)cc3)c2)c(C(F)(F)F)c1
752,CHEMBL470783,CC[C@@]12C[C@H](O)[C@](O)(c3ccccc3)C[C@H]1CCc1cc(OCc3cccnc3C)ccc12
753,CHEMBL3421891,CC[C@@]12C[C@@](C)(O)[C@](O)(c3ccccc3)C[C@H]1CC(=O)c1cc(OC(=O)c3ccccc3)ccc12
754,CHEMBL506844,CC[C@@]12CC[C@](O)(c3ccccc3)C[C@H]1CCc1cc(OCc3cccnc3C)ccc12
755,CHEMBL195451,C[C@@H]1C[C@@H](C)OC2(CCCC3=Cc4c(cnn4-c4ccc(F)cc4)C[C@@]32C)O1
756,CHEMBL1082780,O=S(=O)(Nc1ccc(-c2ccc3c(cnn3-c3ccc(F)cc3)c2)c(C(F)(F)F)c1)c1ccsc1
757,CHEMBL2022858,C[C@]12Cc3cnn(-c4ccc(F)cc4)c3C=C1CC[C@@H]1[C@@H]2[C@@H](O)C[C@@]2(C)[C@H]1CC[C@]2(O)C(=O)CO
758,CHEMBL2022651,C[C@]12Cc3cnn(-c4ccccc4)c3C=C1CC[C@@H]1[C@@H]2[C@@H](O)C[C@@]2(C)[C@H]1CC[C@]2(O)C(=O)CO
759,CHEMBL2022652,C[C@]12Cc3cnn(C4CCCCC4)c3C=C1CC[C@@H]1[C@@H]2[C@@H](O)C[C@@]2(C)[C@H]1CC[C@]2(O)C(=O)CO
760,CHEMBL1684351,C[C@H]1c2c(cc(F)c(-c3cccc4cc[nH]c34)c2F)NC(C)(C)[C@@H]1OC(=O)Nc1ccc2c(c1)OCO2
761,CHEMBL4205353,CC(C)[C@H](NC(=O)C(C)(F)F)[C@H](Oc1ccc2c(cnn2-c2ccns2)c1)c1ccccc1
762,CHEMBL4212650,CC(C)[C@H](NC(=O)C(C)(F)F)[C@H](Oc1ccc2c(cnn2-c2cscn2)c1)c1ccccc1
763,CHEMBL3093461,CC[C@@H](Cn1ccc2ccccc21)NS(=O)(=O)c1c(N)cc(Cl)cc1Cl
764,CHEMBL1254994,COc1ccc(F)cc1C(C)(C)CC(O)(Cn1ccc2ncccc21)C(F)(F)F
765,CHEMBL3093440,CC(Cc1c[nH]c2ccccc12)NS(=O)(=O)c1c(N)cc(Cl)cc1Cl
766,CHEMBL3093463,CC[C@@H](Cn1cc(C#N)c2ccccc21)NS(=O)(=O)c1c(N)cc(Cl)cc1Cl
767,CHEMBL3093446,Cc1cc(C)c(S(=O)(=O)NC(Cc2c[nH]c3ccc(C)cc23)C(F)(F)F)c(C)c1
768,CHEMBL3093462,CC[C@@H](Cn1cc(C)c2ccccc21)NS(=O)(=O)c1c(N)cc(Cl)cc1Cl
769,CHEMBL3093444,CC(C)(Cc1c[nH]c2ccccc12)NS(=O)(=O)c1c(N)cc(Cl)cc1Cl
770,CHEMBL3093456,Cc1cc(C)c(S(=O)(=O)NC(Cn2cc(C#N)c3ccccc32)C(F)(F)F)c(C)c1
771,CHEMBL3093443,Cc1cc(C)c(S(=O)(=O)NC(Cc2c[nH]c3ccccc23)C(F)(F)F)c(C)c1
772,CHEMBL3093453,Cc1cc(C)c(S(=O)(=O)NC(Cc2c[nH]c3c(C#N)cc(C)cc23)C(F)(F)F)c(C)c1
773,CHEMBL3093445,Cc1cc(C)c(S(=O)(=O)NC(Cc2c[nH]c3cccc(C)c23)C(F)(F)F)c(C)c1
774,CHEMBL3093448,Cc1cc(C)c(S(=O)(=O)NC(Cc2c[nH]c3c(C)cccc23)C(F)(F)F)c(C)c1
775,CHEMBL3093454,Cc1cc(C)c(S(=O)(=O)NC(Cn2ccc3ccccc32)C(F)(F)F)c(C)c1
776,CHEMBL395795,Cc1cc(C)c(S(=O)(=O)N[C@@H](C)Cc2c[nH]c3ccccc23)c(C)c1
777,CHEMBL3093442,O=S(=O)(NC(Cc1c[nH]c2ccccc12)C(F)(F)F)c1c(Cl)cc(Cl)cc1Cl
778,CHEMBL3093447,Cc1cc(C)c(S(=O)(=O)NC(Cc2c[nH]c3cc(C)ccc23)C(F)(F)F)c(C)c1
779,CHEMBL232452,Cc1cc(C)c(S(=O)(=O)NC(C)Cc2c[nH]c3ccccc23)c(C)c1
780,CHEMBL3093452,Cc1cc(C)c(S(=O)(=O)NC(Cc2c[nH]c3c(C#N)cccc23)C(F)(F)F)c(C)c1
781,CHEMBL373498,COc1ccc(F)cc1C(C)(C)CC(O)(Cn1cnc2ccccc21)C(F)(F)F
782,CHEMBL3093441,Nc1cc(Cl)cc(Cl)c1S(=O)(=O)NC(Cc1c[nH]c2ccccc12)C(F)(F)F
783,CHEMBL3093457,Cc1cc(C)c(S(=O)(=O)NC(Cn2ccc3c(C#N)cccc32)C(F)(F)F)c(C)c1
784,CHEMBL245191,CCC(Cc1c[nH]c2ccccc12)NS(=O)(=O)c1c(Cl)cc(Cl)cc1Cl
785,CHEMBL396029,CC(Cc1c[nH]c2ccccc12)NS(=O)(=O)c1c(Cl)cc(Cl)cc1Cl
786,CHEMBL395341,Cc1cc(C)c(S(=O)(=O)NC(C)Cc2c[nH]c3ccc(F)cc23)c(C)c1
787,CHEMBL242812,CC(Cc1c[nH]c2ccccc12)NS(=O)(=O)c1c(C(C)C)cc(C(C)C)cc1C(C)C
788,CHEMBL388432,Cc1cc(C)c(S(=O)(=O)NC(C)Cc2c[nH]c3cc(F)ccc23)c(C)c1
789,CHEMBL1668087,Cc1cc(NC[C@H](C)NS(=O)(=O)C2CC2)c2cnn(-c3cccc(C(=O)NCC(N)=O)c3)c2c1
790,CHEMBL1668086,Cc1cc(NC[C@H](C)NS(=O)(=O)C2CC2)c2cnn(-c3cccc(C(=O)NC(C)C)c3)c2c1
791,CHEMBL1668090,Cc1cc(NC[C@H](C)NS(=O)(=O)C2CC2)c2cnn(-c3cccc(C(=O)N(C)[C@H](C)C(N)=O)c3)c2c1
792,CHEMBL1668089,Cc1cc(NC[C@H](C)NS(=O)(=O)C2CC2)c2cnn(-c3cccc(C(=O)N[C@H](C)C(N)=O)c3)c2c1
793,CHEMBL1668088,Cc1cc(NC[C@H](C)NS(=O)(=O)C2CC2)c2cnn(-c3cccc(C(=O)N[C@@H](C)C(N)=O)c3)c2c1
794,CHEMBL3261425,Cc1nn(C2CCCC2)c(C)c1S(=O)(=O)N[C@@H](C)CNc1cccc2c1cnn2-c1ccc(F)nc1
795,CHEMBL3261424,Cc1nn(C2CCCC2)c(C)c1S(=O)(=O)N[C@@H](C)CNc1cccc2c1cnn2-c1ccc(F)cc1
796,CHEMBL3261428,Cc1nn(C2CCCC2)c(C)c1S(=O)(=O)N[C@@H](C)CNc1cccc2c1cnn2-c1cncnc1
797,CHEMBL3261426,Cc1nn(C2CCCC2)c(C)c1S(=O)(=O)N[C@@H](C)CNc1cccc2c1cnn2-c1ccc(OC(F)(F)F)cc1
798,CHEMBL3261427,Cc1nn(C2CCCC2)c(C)c1S(=O)(=O)N[C@@H](C)CNc1cccc2c1cnn2-c1ccc(C#N)cc1
799,CHEMBL3261429,COc1ncc(-n2ncc3c(NC[C@H](C)NS(=O)(=O)c4c(C)nn(C5CCCC5)c4C)cccc32)cn1
800,CHEMBL393551,CC1(CC(O)(CNc2cccc3ncccc23)C(F)(F)F)CCCc2ccccc21
801,CHEMBL238360,Cc1ccc2c(NCC(O)(CC3(C)CCCc4ccccc43)C(F)(F)F)cccc2n1
802,CHEMBL236229,CCC1(CC(O)(CNc2cccc3cnccc23)C(F)(F)F)CCCc2ccccc21
803,CHEMBL393920,CCC1(CC(O)(CNc2cccc3ncccc23)C(F)(F)F)CCCc2ccccc21
804,CHEMBL238147,CCC1(CC(O)(CNc2cccc3nc(C)ccc23)C(F)(F)F)CCCc2ccccc21
805,CHEMBL393349,CC1(CC(O)(CNc2cccc3cnccc23)C(F)(F)F)CCCc2ccccc21
806,CHEMBL1911664,CC(C)(C[C@@](O)(Cc1cc2ccc(C#N)cc2[nH]1)C(F)(F)F)c1cc(S(C)(=O)=O)cc2c1OCC2
807,CHEMBL1254420,CC(C)(CC(O)(Cc1cc2ccncc2[nH]1)C(F)(F)F)c1cc(F)cc2c1OCC2
808,CHEMBL1254419,CC(C)(CC(O)(Cc1cc2ccncc2[nH]1)C(F)(F)F)c1cccc2c1OCC2
809,CHEMBL1911662,CC(C)(CC(O)(Cc1cc2ccc(C#N)cc2[nH]1)C(F)(F)F)c1cc(S(C)(=O)=O)cc2c1OCC2
810,CHEMBL1911661,CC(C)(CC(O)(Cc1cc2cc(C#N)ccc2[nH]1)C(F)(F)F)c1cc(S(C)(=O)=O)cc2c1OCC2
811,CHEMBL1911660,CC(C)(CC(O)(Cc1cc2ccccc2[nH]1)C(F)(F)F)c1cc(S(C)(=O)=O)cc2c1OCC2
812,CHEMBL1254494,CC(C)(CC(O)(Cc1cc2ccncc2[nH]1)C(F)(F)F)c1cc(Cl)cc2c1OCC2
813,CHEMBL1911656,CC(C)(CC(O)(Cc1cc2ccccc2[nH]1)C(F)(F)F)c1cc(F)cc2c1OCC2
814,CHEMBL1911657,Cc1cc2c(c(C(C)(C)CC(O)(Cc3cc4ccccc4[nH]3)C(F)(F)F)c1)OCC2
815,CHEMBL3126945,CC(C)(CC(O)(Cc1cc2ncncc2[nH]1)C(F)(F)F)c1cc(Cl)cc2c1OCC2
816,CHEMBL1911659,CC(C)(CC(O)(Cc1cc2ccccc2[nH]1)C(F)(F)F)c1cc(C#N)cc2c1OCC2
817,CHEMBL1911655,CC(C)(CC(O)(Cc1cc2ccccc2[nH]1)C(F)(F)F)c1cccc2c1OCC2
818,CHEMBL3126944,CC(C)(CC(O)(Cc1cc2ncncc2[nH]1)C(F)(F)F)c1cc(F)cc2c1OCC2
819,CHEMBL1911658,CC(C)(CC(O)(Cc1cc2ccccc2[nH]1)C(F)(F)F)c1cc(Br)cc2c1OCC2
820,CHEMBL385450,CCCCC1(CC(O)(C(=O)Nc2ccc3c(=O)onc(C)c3c2)C(F)(F)F)CCCc2ccccc21
821,CHEMBL378785,Cc1cccc2c1CCCC2CC(O)(C(=O)Nc1ccc2c(=O)onc(C)c2c1)C(F)(F)F
822,CHEMBL211266,Cc1noc(=O)c2ccc(NC(=O)C(O)(CC3(CC(C)C)CCCc4ccccc43)C(F)(F)F)cc12
823,CHEMBL214336,Cc1noc(=O)c2ccc(NC(=O)C(O)(CC3(C(C)C)CCCc4ccccc43)C(F)(F)F)cc12
824,CHEMBL208779,CCC1(CC(O)(C(=O)Nc2ccc3c(=O)onc(C)c3c2)C(F)(F)F)CCCc2c([N+](=O)[O-])cccc21
825,CHEMBL211387,Cc1noc(=O)c2ccc(NC(=O)C(O)(CC3CCCc4c(Cl)cccc43)C(F)(F)F)cc12
826,CHEMBL211441,CCC(CC)C1(CC(O)(C(=O)Nc2ccc3c(=O)onc(C)c3c2)C(F)(F)F)CCCc2ccccc21
827,CHEMBL213453,CCCC1(CC(O)(C(=O)Nc2ccc3c(=O)onc(C)c3c2)C(F)(F)F)CCCc2ccccc21
828,CHEMBL210077,CCC1(CC(O)(C(=O)Nc2ccc3c(=O)onc(C)c3c2)C(F)(F)F)CCCc2ccccc21
829,CHEMBL213621,CCC1(CC(O)(C(=O)Nc2ccc3c(=O)onc(C)c3c2)C(F)(F)F)CCCc2ccc([N+](=O)[O-])cc21
830,CHEMBL190838,Cc1noc(=O)c2ccc(NC(=O)C(O)(CC3CCCc4ccccc43)C(F)(F)F)cc12
831,CHEMBL209259,CCC1(CC(O)(C(=O)Nc2ccc3c(=O)onc(C)c3c2)C(F)(F)F)CCCc2cc([N+](=O)[O-])ccc21
832,CHEMBL377154,Cc1noc(=O)c2ccc(NC(=O)C(O)(CC3(C)CCCc4ccccc43)C(F)(F)F)cc12
833,CHEMBL379159,Cc1noc(=O)c2ccc(NC(=O)C(O)(CC3(C(C)(C)C)CCCc4ccccc43)C(F)(F)F)cc12
834,CHEMBL214333,CCC1(CC(O)(C(=O)Nc2ccc3c(=O)onc(C)c3c2)C(F)(F)F)CCOc2ccccc21
835,CHEMBL377844,Cc1noc(=O)c2ccc(NC(=O)C(O)(CC3CCCc4cc(F)ccc43)C(F)(F)F)cc12
836,CHEMBL377176,Cc1noc(=O)c2ccc(NC(=O)C(O)(CC3CCCc4c3cccc4[N+](=O)[O-])C(F)(F)F)cc12
837,CHEMBL212329,COc1cccc2c1CCCC2CC(O)(C(=O)Nc1ccc2c(=O)onc(C)c2c1)C(F)(F)F
838,CHEMBL211854,Cc1noc(=O)c2ccc(NC(=O)C(O)(CC3CCCc4c(F)cccc43)C(F)(F)F)cc12
839,CHEMBL379158,Cc1noc(=O)c2ccc(NC(=O)C(O)(CC3CCCc4c(C#N)cccc43)C(F)(F)F)cc12
840,CHEMBL211331,Cc1noc(=O)c2ccc(NC(=O)C(O)(CC3CCCc4ccc(F)cc43)C(F)(F)F)cc12
841,CHEMBL209574,Cc1noc(=O)c2ccc(NC(=O)C(O)(CC3CCCc4ccc([N+](=O)[O-])cc43)C(F)(F)F)cc12
842,CHEMBL386289,Cc1noc(=O)c2ccc(NC(=O)C(O)(CC3CCCc4c(N)cccc43)C(F)(F)F)cc12
843,CHEMBL212312,Cc1noc(=O)c2ccc(NC(=O)C(O)(CC3CCCc4c(Br)cccc43)C(F)(F)F)cc12
844,CHEMBL386806,Cc1noc(=O)c2ccc(NC(=O)C(O)(CC3CCCc4cccc(F)c43)C(F)(F)F)cc12
845,CHEMBL461012,CCN(CC(O)(CNC(=O)c1cnn(-c2ccc(F)cc2)c1N)C(F)(F)F)C(=O)c1c(Cl)cccc1Cl
846,CHEMBL455662,CCN(C[C@](O)(CNC(=O)c1cnn(-c2ccc(F)cc2)c1N)C(F)(F)F)C(=O)c1c(Cl)cccc1Cl
847,CHEMBL518451,CCN(CC(O)(CNC(=O)c1cnn(-c2ccc(F)cc2)c1N)C(F)(F)F)C(=O)c1c(Cl)cc(Cl)cc1Cl
848,CHEMBL467633,CCN(CC(O)(CNC(=O)c1cnn(-c2ccc(F)cc2)c1N)C(F)(F)F)C(=O)c1c(F)cccc1F
849,CHEMBL520750,CCN(CC(O)(CNC(=O)c1cnn(-c2ccc(F)cc2)c1N)C(F)(F)F)C(=O)c1cccc(F)c1Cl
850,CHEMBL462282,CCN(CC(O)(CNC(=O)c1cnn(-c2ccc(F)cc2)c1N)C(F)(F)F)C(=O)c1ccccc1F
851,CHEMBL517933,Nc1c(C(=O)NCC(O)(CN(CCO)C(=O)c2c(F)cccc2F)C(F)(F)F)cnn1-c1ccc(F)cc1
852,CHEMBL519947,CCN(CC(O)(CNC(=O)c1cnn(-c2ccc(F)cc2)c1N)C(F)(F)F)C(=O)c1cccc(Cl)c1
853,CHEMBL465927,CCCN(CC(O)(CNC(=O)c1cnn(-c2ccc(F)cc2)c1N)C(F)(F)F)C(=O)c1c(F)cccc1F
854,CHEMBL479431,CCN(CC(O)(CNC(=O)c1cnn(-c2ccc(F)cc2)c1N)C(F)(F)F)C(=O)c1ccc(F)cc1Cl
855,CHEMBL464245,Nc1c(C(=O)NCC(O)(CN(CCF)C(=O)c2c(F)cccc2F)C(F)(F)F)cnn1-c1ccc(F)cc1
856,CHEMBL564332,CCN(CC(O)(CNC(=O)c1cnn(-c2ccccc2)c1N)C(F)(F)F)S(=O)(=O)c1ccc(F)cc1
857,CHEMBL481784,CCN(CC(O)(CNC(=O)c1cnn(-c2ccc(F)cc2)c1N)C(F)(F)F)C(=O)c1cccnc1Cl
858,CHEMBL481185,CCN(CC(O)(CNC(=O)c1cnn(-c2ccc(F)cc2)c1N)C(F)(F)F)C(=O)c1ccccc1
859,CHEMBL516033,CCN(CC(O)(CNC(=O)c1cnn(-c2ccc(F)cc2)c1N)C(F)(F)F)C(=O)c1c(F)cccc1S(C)(=O)=O
860,CHEMBL512127,CCN(CC(O)(CNC(=O)c1cnn(-c2ccc(F)cc2)c1N)C(F)(F)F)C(=O)c1ccccc1S(C)(=O)=O
861,CHEMBL464907,CN(CC(O)(CNC(=O)c1cnn(-c2ccc(F)cc2)c1N)C(F)(F)F)C(=O)c1c(F)cccc1F
862,CHEMBL1911650,COc1ccc(F)cc1C(C)(C)C[C@@](O)(Cc1cc2cc(C#N)ccc2[nH]1)C(F)(F)F
863,CHEMBL1255080,COc1ccc(F)cc1C(C)(C)C[C@@](O)(Cc1cc2ccncc2[nH]1)C(F)(F)F
864,CHEMBL1253819,COc1ccc(F)cc1C(C)(C)C[C@@](O)(Cc1cc2cnccc2[nH]1)C(F)(F)F
865,CHEMBL3233281,Cc1ccc(F)cc1C(C)(C)C[C@@](O)(Cc1cc2cnccc2[nH]1)C(C)(C)C
866,CHEMBL1253898,CC(C)(C[C@@](O)(Cc1cc2ccncc2[nH]1)C(F)(F)F)c1cc(F)ccc1O
867,CHEMBL3233277,COc1ccc(F)cc1C(C)(C)CC(O)(Cc1cc2cnccc2[nH]1)C(C)(C)C
868,CHEMBL1254734,COc1ccc(F)cc1C(C)(C)CC(O)(Cc1cc2ccncc2[nH]1)C(F)(F)F
869,CHEMBL1253899,CC(C)(C[C@@](O)(Cc1cc2cnccc2[nH]1)C(F)(F)F)c1cc(F)ccc1O
870,CHEMBL1911644,COc1ccc(F)cc1C(C)(C)CC(O)(Cc1cc2c(C#N)cccc2[nH]1)C(F)(F)F
871,CHEMBL3233279,Cc1ccc(F)cc1C(C)(C)CC(O)(Cc1cc2cnccc2[nH]1)C(C)(C)C
872,CHEMBL3126951,Cc1ccc(F)cc1C(C)(C)CC(O)(Cc1cc2cnncc2[nH]1)C(F)(F)F
873,CHEMBL3358926,Cc1ccc(F)cc1C(C)(C)CC(O)(Cc1cc2cc(N)ncc2[nH]1)C(F)(F)F
874,CHEMBL3358930,Cc1ccc(F)cc1C(C)(C)CC(O)(Cc1cc2cc(C(N)=O)ncc2[nH]1)C(F)(F)F
875,CHEMBL1254907,COc1ccc(F)cc1C(C)(C)CC(O)(Cc1cc2ccncc2s1)C(F)(F)F
876,CHEMBL1254735,COc1ccc(F)cc1C(C)(C)CC(O)(Cc1cc2cnccc2[nH]1)C(F)(F)F
877,CHEMBL1911649,COc1ccc(F)cc1C(C)(C)CC(O)(Cc1cc2cc(C#N)ccc2[nH]1)C(F)(F)F
878,CHEMBL3233272,COc1ccc(F)cc1C(C)(C)CC(O)(Cc1cc2ccncc2[nH]1)C(C)(C)C
879,CHEMBL3358921,Cc1ccc(F)cc1C(C)(C)CC(O)(Cc1[nH]c2cnccc2c1C)C(F)(F)F
880,CHEMBL3126942,CC(C)(CC(O)(Cc1cc2ncncc2[nH]1)C(F)(F)F)c1ccc(F)cc1O
881,CHEMBL3126948,Cc1ccc(F)cc1C(C)(C)C[C@@](O)(Cc1cc2nnccc2[nH]1)C(F)(F)F
882,CHEMBL3233271,COc1ccc(F)cc1C(C)(C)CC(O)(Cc1cc2ccncc2[nH]1)C(C)C
883,CHEMBL1253986,CC(C)(CC(O)(Cc1cc2ccncc2[nH]1)C(F)(F)F)c1ccccc1
884,CHEMBL3358928,Cc1ccc(F)cc1C(C)(C)CC(O)(Cc1cc2cc(OC(C)C)ncc2[nH]1)C(F)(F)F
885,CHEMBL1911542,COc1ccc(F)cc1C(C)(C)C[C@@](O)(Cc1cc2ccccc2[nH]1)C(F)(F)F
886,CHEMBL1254079,Cc1ccc(F)cc1C(C)(C)CC(O)(Cc1cc2ccncc2[nH]1)C(F)(F)F
887,CHEMBL3358927,Cc1ccc(F)cc1C(C)(C)CC(O)(Cc1cc2cc(N(C)C)ncc2[nH]1)C(F)(F)F
888,CHEMBL3126954,COc1ccc(F)cc1C(C)(C)CC(O)(Cc1cc2cncnc2[nH]1)C(F)(F)F
889,CHEMBL3358922,Cc1ccc(F)cc1C(C)(C)CC(O)(Cc1cc2c(C)cncc2[nH]1)C(F)(F)F
890,CHEMBL3126941,CC(C)(CC(O)(Cc1cc2ncncc2[nH]1)C(F)(F)F)c1cc(F)ccc1O
891,CHEMBL3126949,Cc1ccc(F)cc1C(C)(C)C[C@@](O)(Cc1cc2ncncc2[nH]1)C(F)(F)F
892,CHEMBL3233273,CCC(C)(C)C(O)(Cc1cc2ccncc2[nH]1)CC(C)(C)c1cc(F)ccc1OC
893,CHEMBL1911654,COc1ccc(F)cc1C(C)(C)CC(O)(Cc1cc2ccc(C#N)cc2[nH]1)C(F)(F)F
894,CHEMBL1911544,COc1ccc(F)cc1C(C)(C)CC(O)(Cc1cc2cccc(F)c2[nH]1)C(F)(F)F
895,CHEMBL3126950,Cc1ccc(F)cc1C(C)(C)CC(O)(Cc1cc2nnccc2[nH]1)C(F)(F)F
896,CHEMBL3126953,Cc1ccc(F)cc1C(C)(C)CC(O)(Cc1cc2ncncc2[nH]1)C(F)(F)F
897,CHEMBL1254651,COc1ccc(F)cc1C(C)(C)CC(O)(Cc1cc2ccccc2[nH]1)C(F)(F)F
898,CHEMBL1254652,COc1ccc(F)cc1C(C)(C)CC(O)(Cc1cc2cccnc2[nH]1)C(F)(F)F
899,CHEMBL3126946,CC(C)(CC(O)(Cc1cc2ncncc2[nH]1)C(F)(F)F)c1ccccc1S(C)(=O)=O
900,CHEMBL3126940,COc1ccc(F)cc1C(C)(C)CC(O)(Cc1cc2ncncc2[nH]1)C(F)(F)F
901,CHEMBL3358923,Cc1cc2cc(CC(O)(CC(C)(C)c3cc(F)ccc3C)C(F)(F)F)[nH]c2cn1
902,CHEMBL1254906,COc1ccc(F)cc1C(C)(C)CC(O)(Cc1cc2ccncc2o1)C(F)(F)F
903,CHEMBL1253987,CC(C)(CC(O)(Cc1cc2ccncc2[nH]1)C(F)(F)F)c1cccc(F)c1
904,CHEMBL1254820,COc1ccc(F)cc1C(C)(C)CC(O)(Cc1cc2ncccc2[nH]1)C(F)(F)F
905,CHEMBL1911646,COc1ccc(F)cc1C(C)(C)CC(O)(Cc1cc2cc(F)ccc2[nH]1)C(F)(F)F
906,CHEMBL3126934,Cc1ccc(F)cc1C(C)(C)CC(O)(Cc1cc2nc(C(C)C)ncc2[nH]1)C(F)(F)F
907,CHEMBL1911547,COc1ccc(F)cc1C(C)(C)CC(O)(Cc1cc2cccc(C#N)c2[nH]1)C(F)(F)F
908,CHEMBL3358931,COc1ccc(F)cc1C(C)(C)CC(O)(Cc1cc2cc(S(C)(=O)=O)ncc2[nH]1)C(F)(F)F
909,CHEMBL1911645,CCc1cccc2[nH]c(CC(O)(CC(C)(C)c3cc(F)ccc3OC)C(F)(F)F)cc12
910,CHEMBL1911548,COc1ccc(F)cc1C(C)(C)CC(O)(Cc1cc2c(C)cccc2[nH]1)C(F)(F)F
911,CHEMBL1911651,COc1ccc(F)cc1C(C)(C)CC(O)(Cc1cc2ccc(F)cc2[nH]1)C(F)(F)F
912,CHEMBL3358944,CC(C)(CC(O)(Cc1cc2cc(S(C)(=O)=O)ncc2[nH]1)C(F)(F)F)c1ccccc1S(C)(=O)=O
913,CHEMBL1911652,COc1ccc(F)cc1C(C)(C)CC(O)(Cc1cc2ccc(C)cc2[nH]1)C(F)(F)F
914,CHEMBL3358947,CC(C)(CC(O)(Cc1cc2cc(S(C)(=O)=O)ncc2[nH]1)C(F)(F)F)c1ccc(Cl)cc1C(N)=O
915,CHEMBL3126943,Cc1ccccc1C(C)(C)CC(O)(Cc1cc2ncncc2[nH]1)C(F)(F)F
916,CHEMBL3358948,Cc1ccc(C(C)(C)CC(O)(Cc2cc3cc(S(C)(=O)=O)ncc3[nH]2)C(F)(F)F)c(C(N)=O)c1
917,CHEMBL3233270,CCC(O)(Cc1cc2ccncc2[nH]1)CC(C)(C)c1cc(F)ccc1OC
918,CHEMBL3358954,CCS(=O)(=O)c1cc2cc(C[C@](O)(CC(C)(C)c3ccc(F)cc3C(N)=O)C(F)(F)F)[nH]c2cn1
919,CHEMBL1911545,COc1ccc(F)cc1C(C)(C)CC(O)(Cc1cc2cccc(C)c2[nH]1)C(F)(F)F
920,CHEMBL3126955,Cc1ccc(F)cc1C(C)(C)CC(O)(Cc1cc2nccnc2[nH]1)C(F)(F)F
921,CHEMBL3358946,CC(C)(CC(O)(Cc1cc2cc(S(C)(=O)=O)ncc2[nH]1)C(F)(F)F)c1ccc(F)cc1C(N)=O
922,CHEMBL1911647,COc1ccc(F)cc1C(C)(C)CC(O)(Cc1cc2cc(C)ccc2[nH]1)C(F)(F)F
923,CHEMBL3358950,CCS(=O)(=O)c1cc2cc(CC(O)(CC(C)(C)c3ccc(F)cc3C(N)=O)C(F)(F)F)[nH]c2cn1
924,CHEMBL1911653,COc1ccc(F)cc1C(C)(C)CC(O)(Cc1cc2ccc(C(F)(F)F)cc2[nH]1)C(F)(F)F
925,CHEMBL3358942,CC(C)(CC(O)(Cc1cc2cc(S(C)(=O)=O)ncc2[nH]1)C(F)(F)F)c1ccccc1C(N)=O
926,CHEMBL1911543,COc1ccc(F)cc1C(C)(C)C[C@](O)(Cc1cc2ccccc2[nH]1)C(F)(F)F
927,CHEMBL3358953,CCS(=O)(=O)c1cc2cc(C[C@](O)(CC(C)(C)c3ccccc3C(N)=O)C(F)(F)F)[nH]c2cn1
928,CHEMBL3358949,CCS(=O)(=O)c1cc2cc(CC(O)(CC(C)(C)c3ccccc3C(N)=O)C(F)(F)F)[nH]c2cn1
929,CHEMBL3261410,Cc1cc(C)c(S(=O)(=O)N[C@@H](C)CNc2cccc3c2cnn3-c2ccccc2)c(C)c1
930,CHEMBL3261412,Cc1cc(C)c(S(=O)(=O)N[C@@H](C)CNc2cccc3c2cnn3-c2cccnc2)c(C)c1
931,CHEMBL3261416,Cc1cc(C)c(S(=O)(=O)N[C@H](CNc2cccc3c2cnn3-c2ccc(F)cc2)C(C)C)c(C)c1
932,CHEMBL3261408,Cc1cc(C)c(S(=O)(=O)N[C@@H](C)CNc2cccc3c2cnn3-c2ccc(F)nc2)c(C)c1
933,CHEMBL3261423,Cc1cc(C)c(S(=O)(=O)NC(COc2cccc3c2cnn3-c2ccc(F)cc2)C(F)(F)F)c(C)c1
934,CHEMBL3261417,Cc1cc(C)c(S(=O)(=O)N[C@@H](C)CNc2cccc3c2cnn3-c2cccc(F)c2)c(C)c1
935,CHEMBL3261414,Cc1cc(C)c(S(=O)(=O)N[C@@H](C)CNc2cccc3c2cnn3-c2ccc(F)c(C)c2)c(C)c1
936,CHEMBL1668081,Cc1cc(C)c(S(=O)(=O)N[C@@H](C)CNc2cc(C)cc3c2cnn3-c2cccc(N[C@@H](C)C(N)=O)c2)c(C)c1
937,CHEMBL3261406,Cc1cc(C)c(S(=O)(=O)N[C@@H](C)COc2cccc3c2cnn3-c2ccc(F)cc2)c(C)c1
938,CHEMBL3261419,COc1ccc(-n2ncc3c(NC[C@H](C)NS(=O)(=O)c4c(C)cc(C)cc4C)cccc32)cc1
939,CHEMBL1668077,Cc1cc(C)c(S(=O)(=O)N[C@@H](C)CNc2cc(C)cc3c2cnn3-c2cccc(NC(C)C)c2)c(C)c1
940,CHEMBL3261418,COc1cccc(-n2ncc3c(NC[C@H](C)NS(=O)(=O)c4c(C)cc(C)cc4C)cccc32)c1
941,CHEMBL3261421,Cc1cc(C)c(S(=O)(=O)NC(C)CSc2cccc3c2cnn3-c2ccc(F)cc2)c(C)c1
942,CHEMBL3261411,Cc1cc(C)c(S(=O)(=O)N[C@@H](C)CNc2cccc3c2cnn3-c2cncnc2)c(C)c1
943,CHEMBL3261409,Cc1cccc(-n2ncc3c(NC[C@H](C)NS(=O)(=O)c4c(C)cc(C)cc4C)cccc32)c1
944,CHEMBL3261415,Cc1ccc(-n2ncc3c(NC[C@H](C)NS(=O)(=O)c4c(C)cc(C)cc4C)cccc32)cc1
945,CHEMBL3261420,Cc1cc(C)c(S(=O)(=O)N[C@@H](C)CCc2cccc3c2cnn3-c2ccc(F)cc2)c(C)c1
946,CHEMBL1668065,Cc1cc(C)c(S(=O)(=O)NC[C@@H](C)Nc2cc(C)cc3c2cnn3-c2ccc(F)cc2)c(C)c1
947,CHEMBL1668079,Cc1cc(C)c(S(=O)(=O)N[C@@H](C)CNc2cc(C)cc3c2cnn3-c2cccc(NCC(N)=O)c2)c(C)c1
948,CHEMBL1668072,Cc1cc(C)c(S(=O)(=O)N[C@@H](C)CNc2cc(C)cc3c2cnn3-c2ccc(NC(C)C)cc2)c(C)c1
949,CHEMBL3261413,Cc1cc(C)c(S(=O)(=O)N[C@@H](C)CNc2cccc3c2cnn3-c2ccc(Cl)cc2)c(C)c1
950,CHEMBL3261407,Cc1cc(C)c(S(=O)(=O)N[C@@H](C)CNc2cccc3c2cnn3-c2ccc(F)cc2)c(C)c1
951,CHEMBL1668067,COc1ccc(-n2ncc3c(NC[C@H](C)NS(=O)(=O)c4c(C)cc(C)cc4C)cc(C)cc32)cc1
952,CHEMBL1668074,Cc1cc(C)c(S(=O)(=O)N[C@@H](C)CNc2cc(C)cc3c2cnn3-c2ccc(NCC(N)=O)cc2)c(C)c1
953,CHEMBL1668080,Cc1cc(C)c(S(=O)(=O)N[C@@H](C)CNc2cc(C)cc3c2cnn3-c2cccc(N[C@H](C)C(N)=O)c2)c(C)c1
954,CHEMBL1668064,Cc1cc(C)c(S(=O)(=O)N[C@@H](C)CNc2cc(C)cc3c2cnn3-c2ccc(F)cc2)c(C)c1
955,CHEMBL1668068,Cc1cc(C)c(S(=O)(=O)N[C@@H](C)CNc2cc(C)cc3c2cnn3-c2ccc(C#N)cc2)c(C)c1
956,CHEMBL1668066,Cc1cc(C)c(S(=O)(=O)N[C@@H](C)CNc2cc(C)cc3c2cnn3-c2cccc(F)c2)c(C)c1
957,CHEMBL1668071,CNc1ccc(-n2ncc3c(NC[C@H](C)NS(=O)(=O)c4c(C)cc(C)cc4C)cc(C)cc32)cc1
958,CHEMBL1668075,Cc1cc(C)c(S(=O)(=O)N[C@@H](C)CNc2cc(C)cc3c2cnn3-c2ccc(N[C@H](C)C(N)=O)cc2)c(C)c1
959,CHEMBL1668076,Cc1cc(C)c(S(=O)(=O)N[C@@H](C)CNc2cc(C)cc3c2cnn3-c2ccc(N[C@@H](C)C(N)=O)cc2)c(C)c1
960,CHEMBL1668069,Cc1cc(C)c(S(=O)(=O)N[C@@H](C)CNc2cc(C)cc3c2cnn3-c2ccc(S(C)(=O)=O)cc2)c(C)c1
961,CHEMBL1668070,COc1cccc(-n2ncc3c(NC[C@H](C)NS(=O)(=O)c4c(C)cc(C)cc4C)cc(C)cc32)c1
962,CHEMBL3893393,CCSC[C@@](O)([C@@H](Nc1cccc2nc(C)ccc12)c1ccc(OC)c(F)c1Cl)C(F)(F)F
963,CHEMBL4072079,C=C(C)C[C@@](O)([C@@H](Nc1cccc2c(=O)[nH]ccc12)c1cc(Br)ccc1O)C(F)(F)F
964,CHEMBL392501,COc1ccc(F)cc1C(C)(C)CC(O)(Cc1cc(C)cc(C)c1C#N)C(F)(F)F
965,CHEMBL3094473,CCC(Cc1cccc(C)c1C)NS(=O)(=O)c1c(C)cc(C)cc1C
966,CHEMBL3094478,CCC(Cc1cc(Cl)cc(Cl)c1)NS(=O)(=O)c1c(C)cc(C)cc1C
967,CHEMBL216273,COc1ccc(F)cc1C(C)(C)CC(O)(CN1C[C@@H](C)C(=O)[C@@H](C)C1)C(F)(F)F
968,CHEMBL3094476,CCC(Cc1cc(C)cc(C)c1)NS(=O)(=O)c1c(C)cc(C)cc1C
969,CHEMBL236755,COc1ccc(F)cc1C(C)(C)CC(O)(Cc1cc(C)c(C#N)c(C)c1)C(F)(F)F
970,CHEMBL3094482,CCC(Cc1ccc(O)c(C)c1C)NS(=O)(=O)c1c(C)cc(C)cc1C
971,CHEMBL235063,COc1ccc(F)cc1C(C)(C)CC(O)(Cc1ccc(C#N)cc1Cl)C(F)(F)F
972,CHEMBL392289,COc1ccc(F)cc1C(C)(C)CC(O)(Cc1ccc(C=O)cc1Cl)C(F)(F)F
973,CHEMBL391917,COc1ccc(F)cc1C(C)(C)CC(O)(Cc1ccc(C=O)cc1)C(F)(F)F
974,CHEMBL400609,COc1ccc(F)cc1C(C)(C)CC(O)(Cc1ccc(C#N)cc1F)C(F)(F)F
975,CHEMBL3094468,CC[C@@H](Cc1ccc(O)c(C)c1C)NS(=O)(=O)c1c(C)cc(C)cc1C
976,CHEMBL3094467,CC[C@@H](Cc1ccc(O)c(C)c1)NS(=O)(=O)c1c(C)cc(C)cc1C
977,CHEMBL3094470,CCC(Cc1cccc(C)c1)NS(=O)(=O)c1c(C)cc(C)cc1C
978,CHEMBL3094475,CCC(Cc1cc(C)ccc1C)NS(=O)(=O)c1c(C)cc(C)cc1C
979,CHEMBL3094487,CC[C@@H](Cc1ccc(O)cc1C)NS(=O)(=O)c1c(C)cc(C)cc1C
980,CHEMBL235689,COc1ccc(F)cc1C(C)(C)CC(O)(Cc1cc(Cl)cc(C#N)c1)C(F)(F)F
981,CHEMBL429987,COc1ccc(F)cc1C(C)(C)CC(O)(Cc1ccc(C#N)cc1)C(F)(F)F
982,CHEMBL375348,COc1ccc(F)cc1C(C)(C)CC(O)(CN1C[C@@H](C)O[C@@H](C)C1)C(F)(F)F
983,CHEMBL237377,COc1ccc(F)cc1C(C)(C)CC(O)(Cc1cc(Cl)ccc1Cl)C(F)(F)F
984,CHEMBL392499,COc1ccc(F)cc1C(C)(C)CC(O)(Cc1cc(C)cc(Cl)c1)C(F)(F)F
985,CHEMBL3094477,CCC(Cc1cc(F)cc(F)c1)NS(=O)(=O)c1c(C)cc(C)cc1C
986,CHEMBL393392,COc1ccc(F)cc1C(C)(C)CC(O)(Cc1cc(C)cc(C)c1)C(F)(F)F
987,CHEMBL235480,COc1ccc(F)cc1C(C)(C)CC(O)(Cc1cc(Cl)cc(Cl)c1)C(F)(F)F
988,CHEMBL3094481,CCC(Cc1ccc(OC)c(C)c1C)NS(=O)(=O)c1c(C)cc(C)cc1C
989,CHEMBL392568,COc1ccc(F)cc1C(C)(C)CC(O)(Cc1ccc(Cl)cc1Cl)C(F)(F)F
990,CHEMBL237807,COc1ccc(F)cc1C(C)(C)CC(O)(Cc1cccc(Cl)c1Cl)C(F)(F)F
991,CHEMBL401219,COc1ccc(F)cc1C(C)(C)CC(O)(Cc1cccc(C#N)c1)C(F)(F)F
992,CHEMBL3094469,CCC(Cc1ccccc1C)NS(=O)(=O)c1c(C)cc(C)cc1C
993,CHEMBL3094484,CCC(Cc1cc(C)c(O)c(C)c1)NS(=O)(=O)c1c(C)cc(C)cc1C
994,CHEMBL203151,COc1ccc(F)cc1C(C)(C)C[C@@](O)(Cc1ccc(Cl)cc1)C(F)(F)F
995,CHEMBL1257572,Cc1ccc2c(NCC(O)(CC(C)(C)c3cc(F)ccc3O)C(F)(F)F)cccc2n1
996,CHEMBL4082878,CC(C)(CC(O)(CNc1cccc2c(=O)[nH]ccc12)C(F)(F)F)c1cccc(F)c1O
997,CHEMBL1257342,CC(C)(CC(O)(CNc1cccc2ccccc12)C(F)(F)F)c1cc(F)ccc1O
998,CHEMBL3261174,Cc1cc(C)c(S(=O)(=O)N[C@@H](C)CNc2ccc(C)c3ncccc23)c(C)c1
999,CHEMBL3261167,Cc1cc(C)c(S(=O)(=O)N[C@@H](C)COc2cccc3cnccc23)c(C)c1
1000,CHEMBL1257453,CC(C)(CC(O)(CNc1cccc2ncccc12)C(F)(F)F)c1cc(F)ccc1O
1001,CHEMBL1257343,COc1ccc(F)cc1C(C)(C)CC(O)(CNc1cccc2ncccc12)C(F)(F)F
1002,CHEMBL1257454,COc1ccc(F)cc1C(C)(C)CC(O)(CNc1cccc2nc(C)ccc12)C(F)(F)F
1003,CHEMBL3261171,Cc1cc(C)c(S(=O)(=O)N[C@@H](C)CNc2cccc3ncccc23)c(C)c1
1004,CHEMBL3261177,C[C@@H](COc1cccc2ncccc12)NS(=O)(=O)c1c(Cl)cc(Cl)cc1Cl
1005,CHEMBL4069357,CC[C@@H]1C[C@](O)(C(F)(F)F)[C@@H](Nc2cccc3nc(C)ccc23)c2ccc(F)c(O)c21
1006,CHEMBL4085241,CC1(C)C[C@](O)(C(F)(F)F)[C@@H](Nc2cccc3c(=O)[nH]ccc23)c2ccc(F)c(O)c21
1007,CHEMBL3962413,CC[C@@H]1C[C@](O)(C(F)(F)F)[C@@H](Nc2cccc3[nH]c(=O)ccc23)c2cc(F)c(F)c(O)c21
1008,CHEMBL4090392,CC[C@@H]1C[C@](O)(C(F)(F)F)[C@@H](Nc2cc(F)cc3nc(C)ncc23)c2ccc(F)c(O)c21
1009,CHEMBL4092066,CC1(C)C[C@](O)(C(F)(F)F)[C@@H](Nc2cccc3[nH]c(=O)ccc23)c2ccc(F)c(O)c21
1010,CHEMBL4098118,Cc1ccc2c(N[C@H]3c4ccc(F)c(O)c4[C@H](C)C[C@]3(O)C(F)(F)F)cccc2n1
1011,CHEMBL4064352,Cc1ncc2c(N[C@H]3c4ccc(F)c(O)c4C(C)(C)C[C@]3(O)C(F)(F)F)cc(F)cc2n1
1012,CHEMBL219207,CC(C)(CC(O)(Cn1ccc(=O)c2ccccc21)C(F)(F)F)c1ccc(F)cc1O
1013,CHEMBL219314,COc1ccc(F)cc1C(C)(C)CC(O)(CN1CCC(=O)c2ccccc21)C(F)(F)F
1014,CHEMBL219973,CC(C)(CC(O)(Cn1ccc(=O)c2ccccc21)C(F)(F)F)c1cc(F)ccc1O
1015,CHEMBL375838,CC(C)(CC(O)(Cn1ccc(=O)c2ccccc21)C(F)(F)F)c1ccccc1O
1016,CHEMBL384081,Cc1ccc(O)c(C(C)(C)CC(O)(Cn2ccc(=O)c3ccccc32)C(F)(F)F)c1
1017,CHEMBL386465,COc1ccc(F)cc1C(C)(C)CC(O)(Cn1ccc(=O)c2ccccc21)C(F)(F)F
1018,CHEMBL216173,Cc1ccc(F)cc1C(C)(C)CC(O)(Cn1ccc(=O)c2ccccc21)C(F)(F)F
1019,CHEMBL3094479,CCC(Cc1cccc2ccccc12)NS(=O)(=O)c1c(C)cc(C)cc1C
1020,CHEMBL219561,COc1ccc(C)c(C(C)(C)CC(O)(Cn2ccc(=O)c3ccccc32)C(F)(F)F)c1
1021,CHEMBL386915,COc1ccc(F)cc1C(C)(C)CC(O)(CN1CCOc2ccccc21)C(F)(F)F
1022,CHEMBL392500,COc1ccc(F)cc1C(C)(C)CC(O)(Cc1ccc(C#N)c2ccccc12)C(F)(F)F
1023,CHEMBL425970,Cc1ccccc1C(C)(C)CC(O)(Cn1ccc(=O)c2ccccc21)C(F)(F)F
1024,CHEMBL3094485,CCC(Cc1ccc(O)c2ccccc12)NS(=O)(=O)c1c(C)cc(C)cc1C
1025,CHEMBL219069,CC(C)(CC(O)(Cn1ccc(=O)c2ccccc21)C(F)(F)F)c1ccccc1
1026,CHEMBL386916,COc1ccc(F)cc1C(C)(C)CC(O)(Cn1ccc(=O)c2cnccc21)C(F)(F)F
1027,CHEMBL374327,Cc1ccc(F)cc1C(C)(C)CC(O)(Cn1ccc(=O)c2cnccc21)C(F)(F)F
1028,CHEMBL235280,COc1ccc(F)cc1C(C)(C)CC(O)(Cc1ccc(C)c2ccccc12)C(F)(F)F
1029,CHEMBL236754,COc1ccc(F)cc1C(C)(C)CC(O)(Cc1c(C)ccc2ccccc12)C(F)(F)F
1030,CHEMBL219140,COc1ccc(F)cc1C(C)(C)CC(O)(Cn1ccc(=O)c2ncccc21)C(F)(F)F
1031,CHEMBL564160,CCN(CC(O)(CNc1cc(C)cc2c1cnn2-c1ccc(F)cc1)C(F)(F)F)C(=O)c1ccccc1F
1032,CHEMBL560797,CCN(CC(O)(CNc1cc(C)cc2c1cnn2-c1ccccc1)C(F)(F)F)C(=O)c1ccccc1F
1033,CHEMBL563812,CCN(CC(O)(CNc1cccc2c1cnn2-c1ccc(F)cc1)C(F)(F)F)C(=O)c1ccccc1Cl
1034,CHEMBL559115,CCN(CC(O)(CNc1cccc2c1cnn2-c1ccccc1)C(F)(F)F)C(=O)c1ccccc1F
1035,CHEMBL550933,CCN(CC(O)(CNc1cccc2c1cnn2-c1ccc(F)cc1)C(F)(F)F)C(=O)c1ccccc1C
1036,CHEMBL556231,CCN(CC(O)(CNc1cccc2c1cnn2-c1ccc(F)cc1)C(F)(F)F)C(=O)c1c(F)cccc1F
1037,CHEMBL559942,CCN(CC(O)(CNc1cc(C)cc2c1cnn2-c1ccccc1)C(F)(F)F)C(=O)c1ccccc1
1038,CHEMBL561475,CCN(CC(O)(CNc1cc(C)cc2c1cnn2-c1ccc(F)cc1)C(F)(F)F)C(=O)c1ccccc1
1039,CHEMBL550258,CCN(CC(O)(CNc1cccc2c1cnn2-c1ccc(F)cc1)C(F)(F)F)C(=O)c1c(C)cccc1C
1040,CHEMBL561276,CCN(CC(O)(CNc1cccc2c1cnn2-c1ccc(F)cc1)C(F)(F)F)C(=O)c1ccccc1
1041,CHEMBL563595,CCN(CC(O)(CNc1cccc2c1cnn2-c1ccccc1)C(F)(F)F)C(=O)c1ccccc1
1042,CHEMBL559547,CCN(CC(O)(CNc1cccc2c1cnn2-c1ccccc1)C(F)(F)F)S(=O)(=O)c1ccccc1
1043,CHEMBL558716,CCCN(CC(O)(CNc1cccc2c1cnn2-c1ccccc1)C(F)(F)F)C(=O)c1ccccc1
1044,CHEMBL559742,CN(CC(O)(CNc1cccc2c1cnn2-c1ccccc1)C(F)(F)F)C(=O)c1ccccc1
1045,CHEMBL559546,CCN(CC(O)(CNc1cccc2c1cnn2-c1ccccc1)C(F)(F)F)S(=O)(=O)c1ccc(F)cc1
1046,CHEMBL551816,CCN(CC(O)(CNc1cccc2c1cnn2-c1ccc(F)cc1)C(F)(F)F)C(=O)c1c(Cl)cccc1Cl
1047,CHEMBL1668063,CCN(C[C@](O)(CNc1cccc2c1cnn2-c1ccc(F)cc1)C(F)(F)F)C(=O)c1c(Cl)cccc1Cl
1048,CHEMBL562337,CCN(CC(O)(CNc1nc(C)nc2c1cnn2-c1ccccc1)C(F)(F)F)S(=O)(=O)c1ccc(F)cc1
1049,CHEMBL550730,CCN(CC(O)(CNc1cccc2c1cnn2-c1ccc(F)cc1)C(F)(F)F)C(=O)c1ccccc1F
1050,CHEMBL1254344,CC(C)(CC(O)(Cc1cc2ccncc2[nH]1)C(F)(F)F)c1cc(-c2cccnc2)ccc1O
1051,CHEMBL1254264,COc1ccc(-c2cncnc2)cc1C(C)(C)C[C@@](O)(Cc1cc2ccncc2[nH]1)C(F)(F)F
1052,CHEMBL1254173,COc1ccc(-c2ccncc2)cc1C(C)(C)CC(O)(Cc1cc2ccncc2[nH]1)C(F)(F)F
1053,CHEMBL1254265,CC(C)(CC(O)(Cc1cc2ccncc2[nH]1)C(F)(F)F)c1cc(-c2ccccc2)ccc1O
1054,CHEMBL1254080,COc1ccc(-c2ccccc2)cc1C(C)(C)CC(O)(Cc1cc2ccncc2[nH]1)C(F)(F)F
1055,CHEMBL1254345,CC(C)(CC(O)(Cc1cc2ccncc2[nH]1)C(F)(F)F)c1cc(-c2cncnc2)ccc1O
1056,CHEMBL1254174,COc1ccc(-c2cncnc2)cc1C(C)(C)CC(O)(Cc1cc2ccncc2[nH]1)C(F)(F)F
1057,CHEMBL196374,Cc1noc(=O)c2ccc(NC(=O)C(O)(CC(C)(C)c3cc(F)ccc3O)C(F)(F)F)cc12
1058,CHEMBL263091,COc1ccc(F)cc1C(C)(C)CC(O)(C(=O)Nc1ccc2c(=O)onc(C)c2c1)C(F)(F)F
1059,CHEMBL1257221,COc1ccc(F)cc1C(C)(C)CC(O)(CNc1ccc2c(=O)onc(C)c2c1)C(F)(F)F
1060,CHEMBL1917415,C[C@]12C=CC(=O)C=C1CC[C@@H]1[C@@H]2[C@@H](O)C[C@@]2(C)[C@H]1CC[C@]2(OC(=O)c1ccco1)C(=O)CSc1nccc2ccccc12
1061,CHEMBL1917249,C[C@]12CCC(=O)C=C1CC[C@@H]1[C@@H]2[C@@H](O)C[C@@]2(C)[C@H]1CC[C@]2(OC(=O)c1ccco1)C(=O)CSc1nccc2ccccc12
1062,CHEMBL2087287,COc1cc(C(=O)c2cccc(C)c2)c(Oc2c(Br)cc(CC(=O)O)cc2Br)cc1C(C)C
1063,CHEMBL3261169,Cc1cc(C)c(S(=O)(=O)N[C@@H](C)COc2cccc3[nH]ccc23)c(C)c1
1064,CHEMBL3261170,Cc1cc(C)c(S(=O)(=O)N[C@@H](C)CNc2cccc3[nH]ncc23)c(C)c1
1065,CHEMBL373497,CC(C)(CC(O)(Cn1ccc(=O)c2ccccc21)C(F)(F)F)c1cccc2c1OCC2
1066,CHEMBL82546,C[C@]12Cc3cnn(-c4ccc(F)cc4)c3C=C1CCC[C@@H]2[C@@H](O)Cc1ccc(F)cc1
1067,CHEMBL419479,Cc1ccc(C[C@H](O)[C@H]2CCCC3=Cc4c(cnn4-c4ccc(F)cc4)C[C@@]32C)cc1
1068,CHEMBL310420,C[C@]12Cc3cnn(-c4ccc(F)cc4)c3C=C1CCC[C@@H]2[C@@H](O)Cc1ccccc1
1069,CHEMBL79378,COc1ccc(C[C@H](O)[C@H]2CCCC3=Cc4c(cnn4-c4ccc(F)cc4)C[C@@]32C)cc1
1070,CHEMBL440877,CC(C)(C)c1ccc(C[C@H](O)[C@H]2CCCC3=Cc4c(cnn4-c4ccc(F)cc4)C[C@@]32C)cc1
1071,CHEMBL1668073,Cc1cc(C)c(S(=O)(=O)N[C@@H](C)CNc2cc(C)cc3c2cnn3-c2ccc(NC3CC3)cc2)c(C)c1
1072,CHEMBL393011,CCC1(CC(O)(CNC(=O)c2cnn(-c3ccc(F)cc3F)c2N)C(F)(F)F)CCCc2ccccc21
1073,CHEMBL236947,CC1(CC(O)(CNC(=O)c2cnn(-c3ccccc3)c2N)C(F)(F)F)CCCc2ccccc21
1074,CHEMBL394168,CCC1(CC(O)(CNC(=O)c2cnn(-c3ccccc3)c2N)C(F)(F)F)CCCc2ccccc21
1075,CHEMBL392319,Cc1c(C(=O)NCC(O)(CC2(C)CCCc3ccccc32)C(F)(F)F)cnn1-c1ccccc1
1076,CHEMBL237973,CCC1(CC(O)(CNC(=O)c2cnn(-c3ccc(F)cc3)c2N)C(F)(F)F)CCCc2ccccc21
1077,CHEMBL391874,Cc1c(S(=O)(=O)NCC(O)(CC2(C)CCCc3ccccc32)C(F)(F)F)cnn1-c1ccccc1
1078,CHEMBL3261405,Cc1nn(-c2ccccc2)c(C)c1S(=O)(=O)N[C@@H](C)COc1cccc2cnccc12
1079,CHEMBL4209089,COc1ccc([C@@H](Oc2ccc(C#N)cc2Cl)[C@H](C)NC(=O)C(C)(F)F)cn1
1080,CHEMBL4214015,COc1ccc([C@@H](Oc2ccc(C#N)c(Cl)c2)[C@H](C)NC(=O)C(C)(F)F)cn1
1081,CHEMBL4203771,COc1ccc([C@@H](Oc2ccc(C#N)cc2)[C@H](C)NC(=O)C(C)(F)F)cn1
1082,CHEMBL3261404,Cc1nn(C2CCCC2)c(C)c1S(=O)(=O)N[C@@H](C)COc1cccc2cnccc12
1083,CHEMBL1233786,COc1ccc(F)cc1C(C)(C)C[C@@](O)(CNc1cc(C)cc2c1cnn2-c1cccc(C(=O)N2CCC[C@@H]2C(N)=O)c1)C(F)(F)F
1084,CHEMBL391942,CCC1(CC(O)(Cc2[nH]c3ccccc3c2C#N)C(F)(F)F)CCCc2ccccc21
1085,CHEMBL391943,CCC1(CC(O)(Cc2cc3ccncc3[nH]2)C(F)(F)F)CCCc2ccccc21
1086,CHEMBL235800,CCC1(CC(O)(Cc2cc3ccccc3[nH]2)C(F)(F)F)CCCc2ccccc21
1087,CHEMBL235799,CC1(CC(O)(Cc2cc3ccccc3[nH]2)C(F)(F)F)CCCc2ccccc21
1088,CHEMBL236018,CCC1(CC(O)(Cc2cc3c(C)cc(C#N)cc3[nH]2)C(F)(F)F)CCCc2ccccc21
1089,CHEMBL194745,CC(C)(CC(O)(C(=O)Nc1ccc2c(c1)COC2=O)C(F)(F)F)c1cc(F)ccc1O
1090,CHEMBL196067,CC(C)(CC(O)(C(=O)Nc1ccc2c(c1)COC2=O)C(F)(F)F)c1ccccc1
1091,CHEMBL393819,CCC1(CC(O)(Cn2ccc(=O)c3ccccc32)C(F)(F)F)CCCc2ccccc21
1092,CHEMBL237496,CC1(CC(O)(Cc2ccnc3ccccc23)C(F)(F)F)CCCc2ccccc21
1093,CHEMBL236853,CCC1(CC(O)(Cc2cc(Cl)nc3ccccc23)C(F)(F)F)CCCc2ccccc21
1094,CHEMBL398572,CCC1(CC(O)(Cc2ccnc3ccccc23)C(F)(F)F)CCCc2ccccc21
1095,CHEMBL235591,CC1(CC(O)(Cn2ccc(=O)c3ccccc32)C(F)(F)F)CCCc2ccccc21
1096,CHEMBL4755015,Cc1ccc([C@@H](Oc2ccc(C(=O)NC3CCCCC3)nc2)[C@H](C)NC(=O)C(F)(F)F)cc1
1097,CHEMBL4778549,Cc1ccc([C@@H](Oc2ccc(C(=O)Nc3ccccc3)nc2)[C@H](C)NC(=O)C(F)(F)F)cc1
1098,CHEMBL3094480,CCC(Cc1ccc2ccccc2c1)NS(=O)(=O)c1c(C)cc(C)cc1C
1099,CHEMBL3093460,Cc1cc(C)c(S(=O)(=O)NC(CSc2ccccc2)C(F)(F)F)c(C)c1
1100,CHEMBL3261165,Cc1cc(C)c(S(=O)(=O)N[C@@H](C)CCc2ccccc2)c(C)c1
1101,CHEMBL3261166,Cc1cc(C)c(S(=O)(=O)N[C@@H](C)COc2c(C)cccc2C)c(C)c1
1102,CHEMBL3093458,Cc1cc(C)c(S(=O)(=O)NC(CNc2ccccc2)C(F)(F)F)c(C)c1
1103,CHEMBL3233278,COc1ccc(F)cc1C(C)(C)CC(O)(Cc1cc2cnccc2[nH]1)C1CC1
1104,CHEMBL3233280,Cc1ccc(F)cc1C(C)(C)CC(O)(Cc1cc2cnccc2[nH]1)C1CC1
1105,CHEMBL3233274,COc1ccc(F)cc1C(C)(C)CC(O)(Cc1cc2ccncc2[nH]1)C1CC1
1106,CHEMBL1762206,Cc1c[nH]c2c(-c3c(F)cc4c(c3F)/C(=N/OCc3ccccc3)CC(C)(C)N4)cccc12
1107,CHEMBL379024,COc1ccc(F)cc1-c1ccc2c(c1)C(CSCCc1ccccc1)=CC(C)(C)N2
1108,CHEMBL219084,Cc1cn(CC(O)(CC(C)(C)c2cccc3c2OCC3)C(F)(F)F)cc(C)c1=O
